"As:1,As:2,As:3,As:4,As:5,As:6,Qz:1,Qz:2,Qz:3,Qz:4,Qz:5,Qz:6,Qz:7,Qz:8,S-I:1,S-I,S-II:1,S-II,Final:1,Final,sheet,Proj:1,Proj,S-I:2,S-I:3,S-II:2,S-II:3,Final:2,Final:3,Final:4,Final:5,assign_sum,quiz_sum"
"3.0,3.0,3.0,3.0,3.0,3.0,2.0,2.0,2.0,2.0,2.0,2.0,2.0,2.0,15.0,15.0,15.0,15.0,45.0,45.0,1,63.325,1.9968421052631578,1.919811320754717,12.88679245283019,3.548867924528302,11.687735849056605,11.464150943396227,9.1311320754717,4.227830188679245,6.299056603773585,18.0,16.0"
"130.0,70.0,90.0,50.0,120.0,90.0,5.0,15.0,10.0,10.0,10.0,5.0,12.0,2.0,40.0,6.9103076923076925,40.0,6.097392996108949,100.0,19.87473076923077,1,63.325,1.9968421052631578,1.919811320754717,12.88679245283019,3.548867924528302,11.687735849056605,11.464150943396227,9.1311320754717,4.227830188679245,6.299056603773585,550.0,69.0"
"57.40562015503876,60.609266409266404,70.01046511627908,41.48149606299212,64.50335570469798,64.2542372881356,4.039692307692308,4.082,4.669808429118774,4.219453124999999,4.071854838709677,4.303037974683544,5.983970588235294,2.0,16.178571428571427,6.9103076923076925,14.184886363636366,6.097392996108949,36.43714285714285,19.87473076923077,1,63.325,1.9968421052631578,1.919811320754717,12.88679245283019,3.548867924528302,11.687735849056605,11.464150943396227,9.1311320754717,4.227830188679245,6.299056603773585,0.0,0.0"
"80.5,60.5,73.5,40.5,59.0,70.5,3.5,5.0,2.0,8.0,4.071854838709677,2.5,9.0,2.0,17.5,6.56,6.25,2.34,35.75,16.08,1,63.325,1.9968421052631578,1.919811320754717,12.88679245283019,3.548867924528302,11.687735849056605,11.464150943396227,9.1311320754717,4.227830188679245,6.299056603773585,384.5,32.0"
"72.5,68.0,39.0,35.0,80.5,71.0,2.5,7.0,0.0,10.0,7.0,5.0,10.0,2.0,12.5,4.68,11.0,4.12,53.5,24.07,1,63.325,1.9968421052631578,1.919811320754717,12.88679245283019,3.548867924528302,11.687735849056605,11.464150943396227,9.1311320754717,4.227830188679245,6.299056603773585,366.0,43.5"
"113.0,62.0,0.0,47.0,80.0,80.0,3.5,2.5,1.0,1.0,2.0,1.0,12.0,2.0,9.5,3.56,6.5,2.43,32.5,14.62,1,63.325,1.9968421052631578,1.919811320754717,12.88679245283019,3.548867924528302,11.687735849056605,11.464150943396227,9.1311320754717,4.227830188679245,6.299056603773585,382.0,25.0"
"61.0,43.5,0.0,22.0,64.50335570469798,50.0,1.5,5.0,0.5,0.0,0.0,1.0,3.0,2.0,18.5,6.93,9.0,3.37,28.0,12.6,1,63.325,1.9968421052631578,1.919811320754717,12.88679245283019,3.548867924528302,11.687735849056605,11.464150943396227,9.1311320754717,4.227830188679245,6.299056603773585,176.5,11.0"
"104.0,67.0,72.5,45.0,120.0,90.0,5.0,10.5,10.0,10.0,6.5,5.0,9.0,2.0,28.5,10.68,17.5,6.56,74.75,33.63,1,63.325,1.9968421052631578,1.919811320754717,12.88679245283019,3.548867924528302,11.687735849056605,11.464150943396227,9.1311320754717,4.227830188679245,6.299056603773585,498.5,58.0"
"0.0,52.0,61.0,20.5,55.0,58.0,4.5,5.5,1.5,0.0,8.0,4.0,3.0,2.0,10.5,3.93,4.0,1.5,39.5,17.77,1,63.325,1.9968421052631578,1.919811320754717,12.88679245283019,3.548867924528302,11.687735849056605,11.464150943396227,9.1311320754717,4.227830188679245,6.299056603773585,246.5,28.5"
"118.0,62.0,85.5,39.5,109.0,90.0,5.0,8.5,9.5,10.0,7.0,4.5,10.0,2.0,22.75,8.53,13.75,5.15,70.5,31.72,1,63.325,1.9968421052631578,1.919811320754717,12.88679245283019,3.548867924528302,11.687735849056605,11.464150943396227,9.1311320754717,4.227830188679245,6.299056603773585,504.0,56.5"
"0.0,47.0,44.0,23.0,51.0,64.2542372881356,2.0,6.0,0.5,0.0,1.0,4.303037974683544,3.0,2.0,6.5,2.43,5.0,1.87,13.25,5.96,1,63.325,1.9968421052631578,1.919811320754717,12.88679245283019,3.548867924528302,11.687735849056605,11.464150943396227,9.1311320754717,4.227830188679245,6.299056603773585,165.0,12.5"
"105.0,65.0,67.5,47.0,93.0,87.0,3.5,8.5,0.0,1.0,1.0,2.0,9.0,2.0,14.0,5.25,24.26,9.09,58.25,26.21,1,63.325,1.9968421052631578,1.919811320754717,12.88679245283019,3.548867924528302,11.687735849056605,11.464150943396227,9.1311320754717,4.227830188679245,6.299056603773585,464.5,27.0"
"113.0,59.0,51.5,33.0,66.0,49.0,4.5,2.0,0.5,0.0,0.0,1.5,2.0,2.0,9.0,3.37,4.75,1.78,27.75,12.48,1,63.325,1.9968421052631578,1.919811320754717,12.88679245283019,3.548867924528302,11.687735849056605,11.464150943396227,9.1311320754717,4.227830188679245,6.299056603773585,371.5,12.5"
"0.0,65.5,60.5,28.0,62.0,73.0,2.5,6.5,9.0,10.0,10.0,3.5,8.0,2.0,14.75,5.53,17.5,6.56,60.5,27.22,1,63.325,1.9968421052631578,1.919811320754717,12.88679245283019,3.548867924528302,11.687735849056605,11.464150943396227,9.1311320754717,4.227830188679245,6.299056603773585,289.0,51.5"
"105.0,60.0,39.5,50.0,80.0,89.0,0.0,2.0,5.5,1.0,1.0,1.5,7.0,2.0,15.5,5.81,6.25,2.34,40.0,18.0,1,63.325,1.9968421052631578,1.919811320754717,12.88679245283019,3.548867924528302,11.687735849056605,11.464150943396227,9.1311320754717,4.227830188679245,6.299056603773585,423.5,20.0"
"92.0,51.0,0.0,35.0,85.0,72.0,2.5,5.5,1.5,1.0,1.0,2.0,1.0,2.0,18.5,6.93,16.25,6.09,47.5,21.37,1,63.325,1.9968421052631578,1.919811320754717,12.88679245283019,3.548867924528302,11.687735849056605,11.464150943396227,9.1311320754717,4.227830188679245,6.299056603773585,335.0,16.5"
"122.0,54.5,79.0,35.0,90.0,64.2542372881356,3.5,5.5,0.0,1.0,1.0,4.5,4.0,2.0,14.0,5.25,5.75,2.15,45.75,20.58,1,63.325,1.9968421052631578,1.919811320754717,12.88679245283019,3.548867924528302,11.687735849056605,11.464150943396227,9.1311320754717,4.227830188679245,6.299056603773585,380.5,21.5"
"109.0,0.0,75.5,33.0,100.0,88.0,3.0,4.5,6.0,0.0,1.0,3.5,2.0,2.0,15.0,5.62,5.0,1.87,47.25,21.26,1,63.325,1.9968421052631578,1.919811320754717,12.88679245283019,3.548867924528302,11.687735849056605,11.464150943396227,9.1311320754717,4.227830188679245,6.299056603773585,405.5,22.0"
"0.0,62.0,79.0,50.0,88.0,90.0,4.0,7.0,0.0,10.0,3.0,4.0,4.0,2.0,15.5,5.81,14.0,5.25,61.25,27.56,1,63.325,1.9968421052631578,1.919811320754717,12.88679245283019,3.548867924528302,11.687735849056605,11.464150943396227,9.1311320754717,4.227830188679245,6.299056603773585,369.0,34.0"
"0.0,63.5,85.0,50.0,96.0,33.0,5.0,4.0,4.0,10.0,3.0,4.0,4.0,2.0,21.5,8.06,29.5,11.06,49.25,22.16,1,63.325,1.9968421052631578,1.919811320754717,12.88679245283019,3.548867924528302,11.687735849056605,11.464150943396227,9.1311320754717,4.227830188679245,6.299056603773585,327.5,36.0"
"104.0,0.0,0.0,49.5,94.0,80.0,4.5,3.0,9.5,1.0,0.0,5.0,6.0,2.0,19.0,7.12,18.5,6.93,65.25,29.36,1,63.325,1.9968421052631578,1.919811320754717,12.88679245283019,3.548867924528302,11.687735849056605,11.464150943396227,9.1311320754717,4.227830188679245,6.299056603773585,327.5,31.0"
"103.0,0.0,80.0,50.0,110.0,90.0,4.0,9.0,10.0,10.0,2.0,5.0,5.983970588235294,2.0,29.5,11.06,19.25,7.21,63.75,28.68,1,63.325,1.9968421052631578,1.919811320754717,12.88679245283019,3.548867924528302,11.687735849056605,11.464150943396227,9.1311320754717,4.227830188679245,6.299056603773585,433.0,42.0"
"73.5,53.5,65.0,37.0,90.0,53.0,1.5,2.0,0.5,0.0,1.0,3.5,2.0,2.0,14.5,5.43,11.0,4.12,44.5,20.02,1,63.325,1.9968421052631578,1.919811320754717,12.88679245283019,3.548867924528302,11.687735849056605,11.464150943396227,9.1311320754717,4.227830188679245,6.299056603773585,372.0,12.5"
"108.0,44.5,50.0,43.5,80.0,54.0,5.0,4.082,4.0,1.0,1.5,4.0,9.0,2.0,21.5,8.06,17.0,6.37,45.5,20.47,1,63.325,1.9968421052631578,1.919811320754717,12.88679245283019,3.548867924528302,11.687735849056605,11.464150943396227,9.1311320754717,4.227830188679245,6.299056603773585,380.0,26.5"
"107.0,56.0,82.5,47.0,40.0,65.0,5.0,9.0,9.5,10.0,10.0,4.5,10.0,2.0,29.25,10.96,21.75,8.15,64.0,28.8,1,63.325,1.9968421052631578,1.919811320754717,12.88679245283019,3.548867924528302,11.687735849056605,11.464150943396227,9.1311320754717,4.227830188679245,6.299056603773585,397.5,60.0"
"119.0,42.0,72.0,46.0,108.0,80.0,4.5,8.0,1.5,0.5,3.0,3.5,8.0,2.0,19.0,7.12,18.5,6.93,66.5,29.92,1,63.325,1.9968421052631578,1.919811320754717,12.88679245283019,3.548867924528302,11.687735849056605,11.464150943396227,9.1311320754717,4.227830188679245,6.299056603773585,467.0,31.0"
"75.0,0.0,0.0,15.0,87.0,64.2542372881356,2.5,6.0,1.0,0.0,2.0,4.303037974683544,5.983970588235294,2.0,12.5,4.68,2.0,0.75,14.0,6.3,1,63.325,1.9968421052631578,1.919811320754717,12.88679245283019,3.548867924528302,11.687735849056605,11.464150943396227,9.1311320754717,4.227830188679245,6.299056603773585,177.0,11.5"
"103.0,52.0,60.0,21.0,65.5,79.0,4.5,9.0,1.0,0.0,3.0,3.5,9.0,2.0,19.5,7.31,14.75,5.53,58.75,26.43,1,63.325,1.9968421052631578,1.919811320754717,12.88679245283019,3.548867924528302,11.687735849056605,11.464150943396227,9.1311320754717,4.227830188679245,6.299056603773585,380.5,32.0"
"56.5,0.0,61.0,25.5,59.0,71.0,3.5,3.0,2.0,0.0,2.0,3.5,4.0,2.0,12.0,4.5,13.25,4.96,35.75,16.08,1,63.325,1.9968421052631578,1.919811320754717,12.88679245283019,3.548867924528302,11.687735849056605,11.464150943396227,9.1311320754717,4.227830188679245,6.299056603773585,273.0,20.0"
"110.0,53.5,70.5,30.0,61.0,73.0,3.5,8.5,1.0,10.0,5.0,2.5,5.0,2.0,13.5,5.06,6.5,2.43,43.5,19.57,1,63.325,1.9968421052631578,1.919811320754717,12.88679245283019,3.548867924528302,11.687735849056605,11.464150943396227,9.1311320754717,4.227830188679245,6.299056603773585,398.0,37.5"
"89.0,40.0,32.5,33.5,54.0,49.0,3.0,3.5,0.0,0.0,3.0,2.0,3.0,2.0,11.5,4.31,4.25,1.59,43.5,19.57,1,63.325,1.9968421052631578,1.919811320754717,12.88679245283019,3.548867924528302,11.687735849056605,11.464150943396227,9.1311320754717,4.227830188679245,6.299056603773585,298.0,16.5"
"92.0,70.0,82.0,42.5,64.50335570469798,84.5,4.0,7.0,3.0,0.0,8.0,4.0,3.0,2.0,11.75,4.4,11.5,4.31,40.0,18.0,1,63.325,1.9968421052631578,1.919811320754717,12.88679245283019,3.548867924528302,11.687735849056605,11.464150943396227,9.1311320754717,4.227830188679245,6.299056603773585,371.0,31.0"
"101.0,49.5,0.0,47.5,88.0,46.0,3.0,8.5,0.5,0.0,1.0,2.0,2.0,2.0,17.5,6.56,7.75,2.9,24.25,10.91,1,63.325,1.9968421052631578,1.919811320754717,12.88679245283019,3.548867924528302,11.687735849056605,11.464150943396227,9.1311320754717,4.227830188679245,6.299056603773585,332.0,19.0"
"62.0,0.0,57.0,30.0,87.0,67.0,0.0,10.0,0.0,1.0,3.0,0.0,6.0,2.0,9.0,3.37,4.25,1.59,27.75,12.48,1,63.325,1.9968421052631578,1.919811320754717,12.88679245283019,3.548867924528302,11.687735849056605,11.464150943396227,9.1311320754717,4.227830188679245,6.299056603773585,303.0,22.0"
"84.0,51.0,44.5,28.0,80.0,48.0,2.0,7.0,1.0,0.0,9.0,3.0,7.0,2.0,14.0,5.25,4.0,1.5,36.25,16.31,1,63.325,1.9968421052631578,1.919811320754717,12.88679245283019,3.548867924528302,11.687735849056605,11.464150943396227,9.1311320754717,4.227830188679245,6.299056603773585,335.5,31.0"
"125.0,60.0,84.0,40.5,110.0,86.0,4.5,6.0,0.0,0.0,3.0,2.5,2.0,2.0,21.5,8.06,11.5,4.31,50.75,22.83,1,63.325,1.9968421052631578,1.919811320754717,12.88679245283019,3.548867924528302,11.687735849056605,11.464150943396227,9.1311320754717,4.227830188679245,6.299056603773585,505.5,20.0"
"97.0,0.0,50.0,41.0,72.0,64.2542372881356,0.0,4.5,0.0,0.0,3.0,4.303037974683544,5.983970588235294,2.0,11.75,4.4,3.75,1.4,14.5,6.52,1,63.325,1.9968421052631578,1.919811320754717,12.88679245283019,3.548867924528302,11.687735849056605,11.464150943396227,9.1311320754717,4.227830188679245,6.299056603773585,260.0,9.5"
"3.0,3.0,3.0,3.0,3.0,3.0,2.0,2.0,2.0,2.0,2.0,2.0,2.0,2.0,15.0,15.0,15.0,15.0,45.0,45.0,2,63.325,1.9968421052631578,1.919811320754717,12.88679245283019,3.548867924528302,11.687735849056605,11.464150943396227,9.1311320754717,4.227830188679245,6.299056603773585,18.0,16.0"
"130.0,70.0,100.0,50.0,120.0,80.0,5.0,15.0,10.0,10.0,10.0,5.0,12.0,2.0,40.0,6.9103076923076925,40.0,6.097392996108949,100.0,19.87473076923077,2,63.325,1.9968421052631578,1.919811320754717,12.88679245283019,3.548867924528302,11.687735849056605,11.464150943396227,9.1311320754717,4.227830188679245,6.299056603773585,550.0,69.0"
"57.40562015503876,60.609266409266404,70.01046511627908,41.48149606299212,64.50335570469798,64.2542372881356,4.039692307692308,4.082,4.669808429118774,4.219453124999999,4.071854838709677,4.303037974683544,5.983970588235294,2.0,16.178571428571427,6.9103076923076925,14.184886363636366,6.097392996108949,36.43714285714285,19.87473076923077,2,63.325,1.9968421052631578,1.919811320754717,12.88679245283019,3.548867924528302,11.687735849056605,11.464150943396227,9.1311320754717,4.227830188679245,6.299056603773585,0.0,0.0"
"109.0,57.0,79.0,47.0,115.0,68.0,2.0,5.0,1.0,10.0,2.0,0.0,7.0,2.0,28.5,10.68,23.0,8.62,59.25,26.66,2,63.325,1.9968421052631578,1.919811320754717,12.88679245283019,3.548867924528302,11.687735849056605,11.464150943396227,9.1311320754717,4.227830188679245,6.299056603773585,475.0,29.0"
"100.0,57.0,81.0,42.0,117.0,71.0,5.0,6.0,10.0,10.0,2.0,5.0,12.0,2.0,22.0,8.25,28.0,10.5,70.75,31.83,2,63.325,1.9968421052631578,1.919811320754717,12.88679245283019,3.548867924528302,11.687735849056605,11.464150943396227,9.1311320754717,4.227830188679245,6.299056603773585,468.0,52.0"
"71.0,68.0,92.0,47.0,87.0,55.0,3.0,4.0,1.0,2.0,0.0,0.0,7.0,2.0,15.0,5.62,12.5,4.68,50.75,22.83,2,63.325,1.9968421052631578,1.919811320754717,12.88679245283019,3.548867924528302,11.687735849056605,11.464150943396227,9.1311320754717,4.227830188679245,6.299056603773585,420.0,19.0"
"95.0,0.0,67.4,33.0,78.0,42.0,2.0,4.0,0.0,1.0,0.0,1.5,8.0,2.0,12.5,4.68,5.75,2.15,34.75,15.63,2,63.325,1.9968421052631578,1.919811320754717,12.88679245283019,3.548867924528302,11.687735849056605,11.464150943396227,9.1311320754717,4.227830188679245,6.299056603773585,315.4,18.5"
"0.0,60.0,98.0,46.0,114.0,73.0,2.0,8.0,2.0,10.0,10.0,2.0,5.0,2.0,14.0,5.25,24.0,9.0,55.75,25.08,2,63.325,1.9968421052631578,1.919811320754717,12.88679245283019,3.548867924528302,11.687735849056605,11.464150943396227,9.1311320754717,4.227830188679245,6.299056603773585,391.0,41.0"
"60.0,0.0,38.0,24.0,50.0,48.0,1.0,7.0,1.0,2.0,0.0,1.5,6.0,2.0,14.0,5.25,10.0,3.75,36.25,16.31,2,63.325,1.9968421052631578,1.919811320754717,12.88679245283019,3.548867924528302,11.687735849056605,11.464150943396227,9.1311320754717,4.227830188679245,6.299056603773585,220.0,20.5"
"90.0,54.0,30.3,20.0,62.0,24.0,4.0,5.0,4.669808429118774,2.0,2.0,1.0,6.0,2.0,12.0,4.5,6.5,2.43,36.75,16.53,2,63.325,1.9968421052631578,1.919811320754717,12.88679245283019,3.548867924528302,11.687735849056605,11.464150943396227,9.1311320754717,4.227830188679245,6.299056603773585,280.3,22.0"
"0.0,0.0,46.0,17.0,106.0,64.0,2.0,4.082,0.0,5.0,4.071854838709677,1.5,9.0,2.0,9.0,3.37,11.5,4.31,37.25,16.76,2,63.325,1.9968421052631578,1.919811320754717,12.88679245283019,3.548867924528302,11.687735849056605,11.464150943396227,9.1311320754717,4.227830188679245,6.299056603773585,233.0,19.5"
"0.0,70.0,71.0,24.0,75.0,70.0,2.0,4.082,1.0,2.0,7.0,4.303037974683544,6.0,2.0,10.0,3.75,15.0,5.62,48.0,21.6,2,63.325,1.9968421052631578,1.919811320754717,12.88679245283019,3.548867924528302,11.687735849056605,11.464150943396227,9.1311320754717,4.227830188679245,6.299056603773585,310.0,20.0"
"82.0,60.0,52.0,38.0,22.0,64.2542372881356,3.5,8.0,2.0,10.0,2.0,5.0,5.983970588235294,2.0,22.25,8.34,19.5,7.31,44.0,19.8,2,63.325,1.9968421052631578,1.919811320754717,12.88679245283019,3.548867924528302,11.687735849056605,11.464150943396227,9.1311320754717,4.227830188679245,6.299056603773585,254.0,32.5"
"97.0,0.0,98.0,48.0,116.0,77.0,5.0,6.0,2.0,10.0,2.0,4.303037974683544,10.0,2.0,32.0,12.0,24.5,9.18,57.25,25.76,2,63.325,1.9968421052631578,1.919811320754717,12.88679245283019,3.548867924528302,11.687735849056605,11.464150943396227,9.1311320754717,4.227830188679245,6.299056603773585,436.0,37.0"
"127.0,68.0,98.0,47.0,118.0,76.0,5.0,10.0,4.0,10.0,4.0,5.0,12.0,2.0,35.25,13.21,32.0,12.0,76.25,34.31,2,63.325,1.9968421052631578,1.919811320754717,12.88679245283019,3.548867924528302,11.687735849056605,11.464150943396227,9.1311320754717,4.227830188679245,6.299056603773585,534.0,52.0"
"76.0,30.0,61.1,45.0,97.0,68.0,1.5,5.0,2.0,2.0,3.0,1.5,12.0,2.0,12.75,4.78,11.0,4.12,51.0,22.95,2,63.325,1.9968421052631578,1.919811320754717,12.88679245283019,3.548867924528302,11.687735849056605,11.464150943396227,9.1311320754717,4.227830188679245,6.299056603773585,377.1,29.0"
"124.0,57.0,74.0,25.0,59.0,37.0,2.0,5.0,0.0,8.0,2.0,1.5,8.0,2.0,19.0,7.12,19.5,7.31,37.75,16.98,2,63.325,1.9968421052631578,1.919811320754717,12.88679245283019,3.548867924528302,11.687735849056605,11.464150943396227,9.1311320754717,4.227830188679245,6.299056603773585,376.0,28.5"
"83.0,55.0,33.1,37.0,69.0,55.0,2.5,7.0,0.0,2.0,4.071854838709677,1.5,5.0,2.0,11.75,4.4,6.0,2.25,26.5,11.92,2,63.325,1.9968421052631578,1.919811320754717,12.88679245283019,3.548867924528302,11.687735849056605,11.464150943396227,9.1311320754717,4.227830188679245,6.299056603773585,332.1,20.0"
"117.0,64.0,98.0,45.0,99.0,77.0,1.0,5.0,0.0,7.0,5.0,1.0,6.0,2.0,14.75,5.53,11.5,4.31,39.0,17.55,2,63.325,1.9968421052631578,1.919811320754717,12.88679245283019,3.548867924528302,11.687735849056605,11.464150943396227,9.1311320754717,4.227830188679245,6.299056603773585,500.0,27.0"
"124.0,68.0,99.0,48.0,117.0,73.0,4.0,8.0,1.0,10.0,10.0,0.0,12.0,2.0,22.75,8.53,23.5,8.81,66.75,30.03,2,63.325,1.9968421052631578,1.919811320754717,12.88679245283019,3.548867924528302,11.687735849056605,11.464150943396227,9.1311320754717,4.227830188679245,6.299056603773585,529.0,47.0"
"105.0,60.0,79.0,44.0,109.0,68.0,4.0,5.0,0.0,2.0,2.0,1.5,7.0,2.0,20.0,7.5,10.5,3.93,40.25,18.11,2,63.325,1.9968421052631578,1.919811320754717,12.88679245283019,3.548867924528302,11.687735849056605,11.464150943396227,9.1311320754717,4.227830188679245,6.299056603773585,465.0,23.5"
"0.0,52.0,82.0,33.0,86.0,64.2542372881356,3.5,4.082,0.0,1.0,2.0,1.5,12.0,2.0,12.5,4.68,8.0,3.0,34.0,15.3,2,63.325,1.9968421052631578,1.919811320754717,12.88679245283019,3.548867924528302,11.687735849056605,11.464150943396227,9.1311320754717,4.227830188679245,6.299056603773585,253.0,22.0"
"57.40562015503876,68.0,70.01046511627908,41.0,88.0,75.0,1.0,5.0,1.0,0.0,0.0,0.0,11.0,2.0,8.5,3.18,14.184886363636366,6.097392996108949,7.0,3.15,2,63.325,1.9968421052631578,1.919811320754717,12.88679245283019,3.548867924528302,11.687735849056605,11.464150943396227,9.1311320754717,4.227830188679245,6.299056603773585,272.0,20.0"
"0.0,67.0,54.0,34.0,105.0,51.0,2.0,4.0,2.0,0.0,7.0,0.0,5.983970588235294,2.0,22.5,8.43,11.5,4.31,51.25,23.06,2,63.325,1.9968421052631578,1.919811320754717,12.88679245283019,3.548867924528302,11.687735849056605,11.464150943396227,9.1311320754717,4.227830188679245,6.299056603773585,311.0,17.0"
"94.0,60.0,83.0,19.6,74.0,55.0,1.5,6.0,0.0,1.0,3.0,2.5,9.0,2.0,18.5,6.93,7.25,2.71,46.5,20.92,2,63.325,1.9968421052631578,1.919811320754717,12.88679245283019,3.548867924528302,11.687735849056605,11.464150943396227,9.1311320754717,4.227830188679245,6.299056603773585,385.6,25.0"
"0.0,40.0,38.7,17.0,67.0,47.0,2.0,6.0,0.0,1.0,0.0,0.0,6.0,2.0,4.25,1.59,7.25,2.71,16.5,7.42,2,63.325,1.9968421052631578,1.919811320754717,12.88679245283019,3.548867924528302,11.687735849056605,11.464150943396227,9.1311320754717,4.227830188679245,6.299056603773585,209.7,17.0"
"77.0,65.0,37.0,34.0,80.0,54.0,2.5,6.0,4.669808429118774,2.0,0.0,1.5,5.983970588235294,2.0,14.25,5.34,6.5,2.43,28.5,12.82,2,63.325,1.9968421052631578,1.919811320754717,12.88679245283019,3.548867924528302,11.687735849056605,11.464150943396227,9.1311320754717,4.227830188679245,6.299056603773585,347.0,14.0"
"0.0,50.0,56.0,33.0,89.0,57.0,2.0,3.0,0.0,2.0,0.0,0.0,8.0,2.0,15.75,5.9,4.5,1.68,38.5,17.32,2,63.325,1.9968421052631578,1.919811320754717,12.88679245283019,3.548867924528302,11.687735849056605,11.464150943396227,9.1311320754717,4.227830188679245,6.299056603773585,285.0,17.0"
"0.0,56.0,25.4,14.0,64.50335570469798,64.2542372881356,2.0,3.0,0.0,0.0,4.071854838709677,4.303037974683544,5.983970588235294,2.0,2.5,0.93,1.25,0.46,5.5,2.47,2,63.325,1.9968421052631578,1.919811320754717,12.88679245283019,3.548867924528302,11.687735849056605,11.464150943396227,9.1311320754717,4.227830188679245,6.299056603773585,95.4,5.0"
"0.0,62.0,82.0,35.0,115.0,57.0,3.5,5.0,1.0,3.0,1.0,2.0,12.0,2.0,20.5,7.68,15.0,5.62,47.75,21.48,2,63.325,1.9968421052631578,1.919811320754717,12.88679245283019,3.548867924528302,11.687735849056605,11.464150943396227,9.1311320754717,4.227830188679245,6.299056603773585,351.0,29.5"
"0.0,60.0,82.0,29.0,97.0,57.0,5.0,3.0,4.669808429118774,10.0,2.0,1.5,12.0,2.0,19.0,7.12,9.5,3.56,43.5,19.57,2,63.325,1.9968421052631578,1.919811320754717,12.88679245283019,3.548867924528302,11.687735849056605,11.464150943396227,9.1311320754717,4.227830188679245,6.299056603773585,325.0,35.5"
"3.75,3.75,3.75,3.75,3.75,64.2542372881356,1.66,1.66,1.66,1.66,1.66,1.66,1.66,2.0,15.0,15.0,15.0,15.0,40.0,40.0,3,3.0,3.0,1.919811320754717,12.88679245283019,3.548867924528302,11.687735849056605,11.464150943396227,9.1311320754717,4.227830188679245,6.299056603773585,18.75,11.62"
"80.0,100.0,120.0,60.0,80.0,64.2542372881356,10.0,10.0,10.0,10.0,10.0,10.0,12.0,2.0,40.0,6.9103076923076925,50.0,6.097392996108949,110.0,19.87473076923077,3,100.0,1.9968421052631578,1.919811320754717,12.88679245283019,3.548867924528302,11.687735849056605,11.464150943396227,9.1311320754717,4.227830188679245,6.299056603773585,440.0,72.0"
"57.40562015503876,60.609266409266404,70.01046511627908,41.48149606299212,64.50335570469798,64.2542372881356,4.039692307692308,4.082,4.669808429118774,4.219453124999999,4.071854838709677,4.303037974683544,5.983970588235294,2.0,16.178571428571427,6.9103076923076925,14.184886363636366,6.097392996108949,36.43714285714285,19.87473076923077,3,63.325,1.9968421052631578,1.919811320754717,12.88679245283019,3.548867924528302,11.687735849056605,11.464150943396227,9.1311320754717,4.227830188679245,6.299056603773585,0.0,0.0"
"73.0,60.609266409266404,74.0,42.0,64.50335570469798,64.2542372881356,9.0,2.0,4.669808429118774,8.0,5.0,8.0,6.0,2.0,29.0,10.87,14.5,4.34,41.25,15.0,3,70.0,2.1,1.919811320754717,12.88679245283019,3.548867924528302,11.687735849056605,11.464150943396227,9.1311320754717,4.227830188679245,6.299056603773585,189.0,38.0"
"67.5,60.609266409266404,90.0,55.0,59.0,64.2542372881356,10.0,4.5,7.0,10.0,7.0,6.0,3.0,2.0,31.5,11.81,32.0,9.6,71.75,26.09,3,75.0,2.25,1.919811320754717,12.88679245283019,3.548867924528302,11.687735849056605,11.464150943396227,9.1311320754717,4.227830188679245,6.299056603773585,271.5,47.5"
"67.0,44.0,80.0,0.0,64.50335570469798,64.2542372881356,7.0,2.0,8.0,4.219453124999999,4.071854838709677,4.303037974683544,5.983970588235294,2.0,10.5,3.93,0.5,0.15,6.0,2.18,3,0.0,1.9968421052631578,1.919811320754717,12.88679245283019,3.548867924528302,11.687735849056605,11.464150943396227,9.1311320754717,4.227830188679245,6.299056603773585,191.0,17.0"
"57.40562015503876,60.609266409266404,70.01046511627908,20.0,46.0,64.2542372881356,0.0,6.5,6.0,6.5,6.0,7.0,5.0,2.0,22.0,8.25,9.6,2.88,38.5,14.0,3,45.0,1.35,1.919811320754717,12.88679245283019,3.548867924528302,11.687735849056605,11.464150943396227,9.1311320754717,4.227830188679245,6.299056603773585,66.0,37.0"
"27.25,51.5,102.0,0.0,70.0,64.2542372881356,10.0,3.5,6.5,2.0,4.0,4.303037974683544,4.5,2.0,26.5,9.93,8.5,2.54,26.75,9.72,3,70.0,2.1,1.919811320754717,12.88679245283019,3.548867924528302,11.687735849056605,11.464150943396227,9.1311320754717,4.227830188679245,6.299056603773585,250.75,30.5"
"53.5,64.5,86.0,37.0,50.0,64.2542372881356,8.5,7.0,10.0,6.0,9.5,7.0,3.5,2.0,25.5,9.56,35.0,10.5,47.25,17.18,3,65.0,1.95,1.919811320754717,12.88679245283019,3.548867924528302,11.687735849056605,11.464150943396227,9.1311320754717,4.227830188679245,6.299056603773585,291.0,51.5"
"27.5,69.0,71.0,48.0,47.0,64.2542372881356,4.5,2.0,1.0,0.0,4.0,6.0,6.0,2.0,11.0,4.12,4.0,1.2,24.5,8.9,3,80.0,2.4,1.919811320754717,12.88679245283019,3.548867924528302,11.687735849056605,11.464150943396227,9.1311320754717,4.227830188679245,6.299056603773585,262.5,23.5"
"72.5,82.0,101.0,57.0,67.0,64.2542372881356,6.0,6.0,8.5,6.0,4.0,10.0,6.0,2.0,35.0,13.12,20.0,6.0,58.25,21.18,3,50.0,1.5,1.919811320754717,12.88679245283019,3.548867924528302,11.687735849056605,11.464150943396227,9.1311320754717,4.227830188679245,6.299056603773585,379.5,46.5"
"65.5,62.5,96.0,56.0,46.0,64.2542372881356,7.0,2.5,9.0,2.0,4.0,5.0,5.983970588235294,2.0,12.0,4.5,25.0,7.5,46.0,16.72,3,50.0,1.5,1.919811320754717,12.88679245283019,3.548867924528302,11.687735849056605,11.464150943396227,9.1311320754717,4.227830188679245,6.299056603773585,326.0,29.5"
"43.0,74.0,71.0,28.0,39.0,64.2542372881356,2.5,0.0,7.0,8.5,5.0,4.0,4.5,2.0,8.5,3.18,7.3,2.19,19.75,7.18,3,30.0,0.9,1.919811320754717,12.88679245283019,3.548867924528302,11.687735849056605,11.464150943396227,9.1311320754717,4.227830188679245,6.299056603773585,255.0,31.5"
"65.0,81.5,70.01046511627908,48.0,30.0,64.2542372881356,2.0,0.0,7.5,2.0,8.0,2.0,5.983970588235294,2.0,9.0,3.37,1.3,0.39,20.75,7.54,3,60.0,1.8,1.919811320754717,12.88679245283019,3.548867924528302,11.687735849056605,11.464150943396227,9.1311320754717,4.227830188679245,6.299056603773585,224.5,21.5"
"74.0,52.0,119.0,60.0,80.0,64.2542372881356,10.0,9.5,8.0,5.0,7.0,10.0,7.5,2.0,33.5,12.56,42.0,12.6,67.0,24.36,3,85.0,2.54,1.919811320754717,12.88679245283019,3.548867924528302,11.687735849056605,11.464150943396227,9.1311320754717,4.227830188679245,6.299056603773585,385.0,57.0"
"69.0,81.5,115.0,60.0,78.0,64.2542372881356,3.5,2.0,9.0,6.0,8.0,6.0,5.983970588235294,2.0,16.0,6.0,18.3,5.49,47.75,17.36,3,55.0,1.65,1.919811320754717,12.88679245283019,3.548867924528302,11.687735849056605,11.464150943396227,9.1311320754717,4.227830188679245,6.299056603773585,403.5,34.5"
"61.0,42.0,83.0,0.0,0.0,64.2542372881356,10.0,0.0,6.0,8.5,9.0,7.0,4.5,2.0,15.5,5.81,23.5,7.05,47.75,17.36,3,65.0,1.95,1.919811320754717,12.88679245283019,3.548867924528302,11.687735849056605,11.464150943396227,9.1311320754717,4.227830188679245,6.299056603773585,186.0,45.0"
"22.25,38.5,65.5,26.0,0.0,64.2542372881356,2.5,0.0,3.5,4.0,6.0,6.0,1.0,2.0,1.5,0.56,2.8,0.84,25.0,9.09,3,30.0,0.9,1.919811320754717,12.88679245283019,3.548867924528302,11.687735849056605,11.464150943396227,9.1311320754717,4.227830188679245,6.299056603773585,152.25,23.0"
"57.40562015503876,60.609266409266404,70.01046511627908,41.48149606299212,64.50335570469798,64.2542372881356,4.039692307692308,0.0,2.5,4.0,4.0,1.0,1.5,2.0,5.0,1.87,1.0,0.3,10.0,3.63,3,63.325,1.9968421052631578,1.919811320754717,12.88679245283019,3.548867924528302,11.687735849056605,11.464150943396227,9.1311320754717,4.227830188679245,6.299056603773585,0.0,13.0"
"53.5,29.5,78.0,0.0,0.0,64.2542372881356,6.5,4.0,6.0,6.0,10.0,5.0,7.0,2.0,24.5,9.18,26.5,7.95,41.25,15.0,3,55.0,1.65,1.919811320754717,12.88679245283019,3.548867924528302,11.687735849056605,11.464150943396227,9.1311320754717,4.227830188679245,6.299056603773585,161.0,44.5"
"49.0,76.0,107.0,58.0,0.0,64.2542372881356,7.0,4.0,4.0,6.0,7.0,5.0,7.5,2.0,11.0,4.12,15.5,4.65,48.5,17.63,3,70.0,2.1,1.919811320754717,12.88679245283019,3.548867924528302,11.687735849056605,11.464150943396227,9.1311320754717,4.227830188679245,6.299056603773585,290.0,40.5"
"24.25,69.0,75.0,48.0,76.0,64.2542372881356,5.5,2.0,4.0,6.0,2.0,6.0,3.5,2.0,13.5,5.06,21.3,6.39,41.25,15.0,3,35.0,1.05,1.919811320754717,12.88679245283019,3.548867924528302,11.687735849056605,11.464150943396227,9.1311320754717,4.227830188679245,6.299056603773585,292.25,29.0"
"71.0,83.0,113.0,60.0,76.0,64.2542372881356,7.0,4.5,4.0,5.0,9.0,4.303037974683544,4.0,2.0,24.5,9.18,13.5,4.05,39.0,14.18,3,80.0,2.4,1.919811320754717,12.88679245283019,3.548867924528302,11.687735849056605,11.464150943396227,9.1311320754717,4.227830188679245,6.299056603773585,403.0,33.5"
"53.0,87.0,96.0,0.0,0.0,64.2542372881356,7.5,3.5,5.5,2.0,6.0,3.0,4.0,2.0,19.0,7.12,17.0,5.09,39.5,14.36,3,70.0,2.1,1.919811320754717,12.88679245283019,3.548867924528302,11.687735849056605,11.464150943396227,9.1311320754717,4.227830188679245,6.299056603773585,236.0,31.5"
"63.5,0.0,97.0,57.0,77.0,64.2542372881356,0.0,7.0,8.0,6.0,10.0,5.0,7.0,2.0,17.0,6.37,17.5,5.25,42.25,15.36,3,95.0,2.85,1.919811320754717,12.88679245283019,3.548867924528302,11.687735849056605,11.464150943396227,9.1311320754717,4.227830188679245,6.299056603773585,294.5,43.0"
"61.0,65.0,81.0,0.0,69.0,64.2542372881356,6.5,8.5,3.0,6.0,4.0,4.303037974683544,5.983970588235294,2.0,14.5,5.43,2.0,0.6,19.25,7.0,3,35.0,1.05,1.919811320754717,12.88679245283019,3.548867924528302,11.687735849056605,11.464150943396227,9.1311320754717,4.227830188679245,6.299056603773585,276.0,28.0"
"69.5,82.5,90.0,58.0,76.0,64.2542372881356,7.0,1.0,9.0,6.0,9.0,7.0,5.983970588235294,2.0,18.0,6.75,24.5,7.35,51.0,18.54,3,60.0,1.8,1.919811320754717,12.88679245283019,3.548867924528302,11.687735849056605,11.464150943396227,9.1311320754717,4.227830188679245,6.299056603773585,376.0,39.0"
"61.5,51.5,70.0,0.0,55.0,64.2542372881356,7.0,2.5,4.0,6.0,9.0,10.0,4.0,2.0,16.5,6.18,16.3,4.88,39.0,14.18,3,50.0,1.5,1.919811320754717,12.88679245283019,3.548867924528302,11.687735849056605,11.464150943396227,9.1311320754717,4.227830188679245,6.299056603773585,238.0,42.5"
"51.0,80.0,116.0,51.0,74.0,64.2542372881356,7.5,2.5,6.0,6.0,8.0,7.0,5.0,2.0,27.5,10.31,13.5,4.05,38.0,13.81,3,70.0,2.1,1.919811320754717,12.88679245283019,3.548867924528302,11.687735849056605,11.464150943396227,9.1311320754717,4.227830188679245,6.299056603773585,372.0,42.0"
"70.0,79.5,101.0,58.0,58.0,64.2542372881356,9.0,9.5,8.0,8.5,8.0,7.0,8.5,2.0,27.5,10.31,29.5,8.85,50.5,18.36,3,80.0,2.4,1.919811320754717,12.88679245283019,3.548867924528302,11.687735849056605,11.464150943396227,9.1311320754717,4.227830188679245,6.299056603773585,366.5,58.5"
"65.5,0.0,76.0,40.0,52.0,64.2542372881356,10.0,5.0,8.0,4.219453124999999,3.0,0.0,5.5,2.0,10.0,3.75,4.5,1.35,17.5,6.36,3,90.0,2.7,1.919811320754717,12.88679245283019,3.548867924528302,11.687735849056605,11.464150943396227,9.1311320754717,4.227830188679245,6.299056603773585,233.5,31.5"
"66.5,37.0,70.01046511627908,41.48149606299212,64.50335570469798,64.2542372881356,3.0,2.0,1.5,4.219453124999999,4.071854838709677,4.303037974683544,5.983970588235294,2.0,11.5,4.31,14.184886363636366,6.097392996108949,8.0,2.9,3,63.325,1.9968421052631578,1.919811320754717,12.88679245283019,3.548867924528302,11.687735849056605,11.464150943396227,9.1311320754717,4.227830188679245,6.299056603773585,103.5,6.5"
"59.5,53.5,87.0,46.0,75.0,64.2542372881356,7.0,2.5,3.5,6.0,4.0,2.0,3.5,2.0,20.5,7.68,23.9,7.17,50.75,18.45,3,70.0,2.1,1.919811320754717,12.88679245283019,3.548867924528302,11.687735849056605,11.464150943396227,9.1311320754717,4.227830188679245,6.299056603773585,321.0,28.5"
"46.5,0.0,88.0,46.0,56.0,64.2542372881356,9.0,4.082,1.5,5.0,10.0,8.0,4.0,2.0,19.5,7.31,28.5,8.55,38.0,13.81,3,80.0,2.4,1.919811320754717,12.88679245283019,3.548867924528302,11.687735849056605,11.464150943396227,9.1311320754717,4.227830188679245,6.299056603773585,236.5,37.5"
"64.5,36.0,50.0,18.0,21.0,64.2542372881356,3.0,4.5,5.0,6.0,8.0,4.303037974683544,3.5,2.0,9.5,3.56,3.0,0.9,24.75,9.0,3,63.325,1.9968421052631578,1.919811320754717,12.88679245283019,3.548867924528302,11.687735849056605,11.464150943396227,9.1311320754717,4.227830188679245,6.299056603773585,189.5,30.0"
"68.5,77.5,70.0,46.0,37.0,64.2542372881356,7.5,8.0,4.5,6.0,4.071854838709677,5.0,1.0,2.0,21.0,7.87,15.5,4.65,28.5,10.36,3,60.0,1.8,1.919811320754717,12.88679245283019,3.548867924528302,11.687735849056605,11.464150943396227,9.1311320754717,4.227830188679245,6.299056603773585,299.0,32.0"
"69.0,87.0,105.0,0.0,67.0,64.2542372881356,10.0,9.5,3.0,4.219453124999999,5.0,4.303037974683544,10.5,2.0,32.5,12.18,24.5,7.35,36.25,13.18,3,80.0,2.4,1.919811320754717,12.88679245283019,3.548867924528302,11.687735849056605,11.464150943396227,9.1311320754717,4.227830188679245,6.299056603773585,328.0,38.0"
"71.5,38.0,79.0,41.0,64.50335570469798,64.2542372881356,6.5,2.5,4.5,4.219453124999999,4.071854838709677,4.303037974683544,5.983970588235294,2.0,13.0,4.87,11.0,3.3,17.0,6.18,3,75.0,2.25,1.919811320754717,12.88679245283019,3.548867924528302,11.687735849056605,11.464150943396227,9.1311320754717,4.227830188679245,6.299056603773585,229.5,13.5"
"72.0,82.0,101.0,0.0,55.0,64.2542372881356,7.0,0.0,9.0,8.0,7.0,7.0,3.5,2.0,22.5,8.43,16.5,4.95,33.75,12.27,3,95.0,2.85,1.919811320754717,12.88679245283019,3.548867924528302,11.687735849056605,11.464150943396227,9.1311320754717,4.227830188679245,6.299056603773585,310.0,41.5"
"65.0,71.5,111.0,48.0,64.50335570469798,64.2542372881356,7.0,2.5,4.5,4.0,8.0,2.0,5.983970588235294,2.0,15.0,5.62,1.5,0.45,16.5,6.0,3,65.0,1.95,1.919811320754717,12.88679245283019,3.548867924528302,11.687735849056605,11.464150943396227,9.1311320754717,4.227830188679245,6.299056603773585,295.5,28.0"
"57.40562015503876,25.0,54.0,14.0,0.0,64.2542372881356,1.0,0.5,2.0,3.0,2.0,4.303037974683544,5.983970588235294,2.0,5.0,1.87,1.5,0.45,12.0,4.36,3,63.325,1.9968421052631578,1.919811320754717,12.88679245283019,3.548867924528302,11.687735849056605,11.464150943396227,9.1311320754717,4.227830188679245,6.299056603773585,93.0,8.5"
"68.5,86.0,78.0,54.0,73.0,64.2542372881356,0.0,0.0,5.5,8.5,7.0,4.0,3.5,2.0,15.0,5.62,25.8,7.74,41.5,15.09,3,85.0,2.54,1.919811320754717,12.88679245283019,3.548867924528302,11.687735849056605,11.464150943396227,9.1311320754717,4.227830188679245,6.299056603773585,359.5,28.5"
"61.0,63.0,80.0,0.0,63.0,64.2542372881356,7.0,6.5,2.5,3.0,5.0,4.303037974683544,5.5,2.0,22.0,8.25,16.2,4.86,28.75,10.45,3,63.325,1.9968421052631578,1.919811320754717,12.88679245283019,3.548867924528302,11.687735849056605,11.464150943396227,9.1311320754717,4.227830188679245,6.299056603773585,267.0,29.5"
"67.5,86.0,99.0,53.0,70.0,64.2542372881356,7.0,4.5,3.5,7.0,7.0,4.303037974683544,5.983970588235294,2.0,18.0,6.75,12.5,3.75,37.25,13.54,3,65.0,1.95,1.919811320754717,12.88679245283019,3.548867924528302,11.687735849056605,11.464150943396227,9.1311320754717,4.227830188679245,6.299056603773585,375.5,29.0"
"64.0,82.0,106.0,51.0,73.0,64.2542372881356,8.5,7.0,5.5,8.5,5.0,7.0,2.5,2.0,22.5,8.43,13.0,3.9,34.5,12.54,3,95.0,2.85,1.919811320754717,12.88679245283019,3.548867924528302,11.687735849056605,11.464150943396227,9.1311320754717,4.227830188679245,6.299056603773585,376.0,44.0"
"44.0,78.5,101.0,0.0,0.0,64.2542372881356,4.0,2.5,4.0,4.219453124999999,7.0,8.0,5.983970588235294,2.0,18.0,6.75,4.5,1.35,22.5,8.18,3,40.0,1.2,1.919811320754717,12.88679245283019,3.548867924528302,11.687735849056605,11.464150943396227,9.1311320754717,4.227830188679245,6.299056603773585,223.5,25.5"
"44.5,83.0,91.0,0.0,65.0,64.2542372881356,7.0,2.5,8.0,4.219453124999999,6.0,4.303037974683544,0.5,2.0,8.0,3.0,4.5,1.35,10.5,3.81,3,63.325,1.9968421052631578,1.919811320754717,12.88679245283019,3.548867924528302,11.687735849056605,11.464150943396227,9.1311320754717,4.227830188679245,6.299056603773585,283.5,24.0"
"3.75,3.75,3.75,3.75,3.75,64.2542372881356,1.66,1.66,1.66,1.66,1.66,1.66,1.66,2.0,15.0,15.0,15.0,15.0,40.0,40.0,4,63.325,1.9968421052631578,1.919811320754717,12.88679245283019,3.548867924528302,11.687735849056605,11.464150943396227,9.1311320754717,4.227830188679245,6.299056603773585,18.75,11.62"
"80.0,100.0,120.0,60.0,80.0,64.2542372881356,10.0,10.0,10.0,10.0,10.0,10.0,12.0,2.0,40.0,6.9103076923076925,50.0,6.097392996108949,110.0,19.87473076923077,4,63.325,1.9968421052631578,1.919811320754717,12.88679245283019,3.548867924528302,11.687735849056605,11.464150943396227,9.1311320754717,4.227830188679245,6.299056603773585,440.0,72.0"
"57.40562015503876,60.609266409266404,70.01046511627908,41.48149606299212,64.50335570469798,64.2542372881356,4.039692307692308,4.082,4.669808429118774,4.219453124999999,4.071854838709677,4.303037974683544,5.983970588235294,2.0,16.178571428571427,6.9103076923076925,14.184886363636366,6.097392996108949,36.43714285714285,19.87473076923077,4,63.325,1.9968421052631578,1.919811320754717,12.88679245283019,3.548867924528302,11.687735849056605,11.464150943396227,9.1311320754717,4.227830188679245,6.299056603773585,0.0,0.0"
"69.5,0.0,102.5,43.5,64.5,64.2542372881356,1.5,8.5,4.0,6.5,4.071854838709677,4.5,4.0,2.0,19.0,7.12,10.3,3.09,36.5,13.27,4,63.325,1.9968421052631578,1.919811320754717,12.88679245283019,3.548867924528302,11.687735849056605,11.464150943396227,9.1311320754717,4.227830188679245,6.299056603773585,280.0,29.0"
"79.0,90.0,116.0,52.0,0.0,64.2542372881356,8.0,9.5,9.0,9.5,4.5,8.0,6.0,2.0,29.0,10.87,36.0,10.8,57.0,20.72,4,63.325,1.9968421052631578,1.919811320754717,12.88679245283019,3.548867924528302,11.687735849056605,11.464150943396227,9.1311320754717,4.227830188679245,6.299056603773585,337.0,54.5"
"34.0,79.0,0.0,44.0,50.5,64.2542372881356,8.0,4.0,4.0,4.0,6.0,7.5,4.5,2.0,14.0,5.25,9.0,2.7,35.5,12.9,4,63.325,1.9968421052631578,1.919811320754717,12.88679245283019,3.548867924528302,11.687735849056605,11.464150943396227,9.1311320754717,4.227830188679245,6.299056603773585,207.5,38.0"
"78.0,80.5,85.5,41.48149606299212,61.0,64.2542372881356,0.5,9.5,6.5,6.5,4.5,4.0,11.0,2.0,27.0,10.12,36.5,10.95,48.25,17.54,4,63.325,1.9968421052631578,1.919811320754717,12.88679245283019,3.548867924528302,11.687735849056605,11.464150943396227,9.1311320754717,4.227830188679245,6.299056603773585,305.0,42.5"
"72.0,77.5,97.5,42.0,64.0,64.2542372881356,0.0,4.5,6.5,6.0,2.0,1.0,7.5,2.0,9.5,3.56,32.0,9.6,46.5,16.9,4,63.325,1.9968421052631578,1.919811320754717,12.88679245283019,3.548867924528302,11.687735849056605,11.464150943396227,9.1311320754717,4.227830188679245,6.299056603773585,353.0,27.5"
"72.0,68.0,103.5,41.48149606299212,76.5,64.2542372881356,2.0,4.5,10.0,4.5,4.071854838709677,7.0,0.0,2.0,12.5,4.68,11.5,3.45,18.25,6.63,4,63.325,1.9968421052631578,1.919811320754717,12.88679245283019,3.548867924528302,11.687735849056605,11.464150943396227,9.1311320754717,4.227830188679245,6.299056603773585,320.0,28.0"
"76.0,67.0,73.0,42.0,73.0,64.2542372881356,3.5,4.5,7.5,0.0,8.0,9.5,11.5,2.0,29.5,11.06,40.0,12.0,63.25,23.0,4,63.325,1.9968421052631578,1.919811320754717,12.88679245283019,3.548867924528302,11.687735849056605,11.464150943396227,9.1311320754717,4.227830188679245,6.299056603773585,331.0,44.5"
"31.0,74.0,89.5,14.0,53.0,64.2542372881356,1.5,0.0,3.0,2.5,4.5,8.0,3.5,2.0,10.0,3.75,17.0,5.09,22.5,8.18,4,63.325,1.9968421052631578,1.919811320754717,12.88679245283019,3.548867924528302,11.687735849056605,11.464150943396227,9.1311320754717,4.227830188679245,6.299056603773585,261.5,23.0"
"70.0,56.0,0.0,12.8,76.0,64.2542372881356,2.0,7.0,7.0,9.0,9.5,8.5,2.0,2.0,20.5,7.68,31.5,9.44,52.75,19.18,4,63.325,1.9968421052631578,1.919811320754717,12.88679245283019,3.548867924528302,11.687735849056605,11.464150943396227,9.1311320754717,4.227830188679245,6.299056603773585,214.8,45.0"
"34.0,89.5,57.5,0.0,72.5,64.2542372881356,7.5,7.5,7.0,2.0,6.5,6.5,4.5,2.0,35.5,13.31,36.5,10.95,41.0,14.9,4,63.325,1.9968421052631578,1.919811320754717,12.88679245283019,3.548867924528302,11.687735849056605,11.464150943396227,9.1311320754717,4.227830188679245,6.299056603773585,253.5,41.5"
"64.0,66.5,105.5,29.0,0.0,64.2542372881356,0.5,9.5,4.669808429118774,0.5,5.0,8.5,5.0,2.0,12.0,4.5,20.0,6.0,55.0,20.0,4,63.325,1.9968421052631578,1.919811320754717,12.88679245283019,3.548867924528302,11.687735849056605,11.464150943396227,9.1311320754717,4.227830188679245,6.299056603773585,265.0,29.0"
"37.0,83.0,98.0,55.5,78.5,64.2542372881356,9.5,3.5,8.5,5.5,4.5,9.0,9.0,2.0,26.0,9.75,35.5,10.65,57.75,21.0,4,63.325,1.9968421052631578,1.919811320754717,12.88679245283019,3.548867924528302,11.687735849056605,11.464150943396227,9.1311320754717,4.227830188679245,6.299056603773585,352.0,49.5"
"62.0,80.5,87.5,52.5,69.5,64.2542372881356,3.5,5.0,6.5,6.0,4.0,2.0,5.0,2.0,18.0,6.75,25.1,7.53,50.25,18.27,4,63.325,1.9968421052631578,1.919811320754717,12.88679245283019,3.548867924528302,11.687735849056605,11.464150943396227,9.1311320754717,4.227830188679245,6.299056603773585,352.0,32.0"
"62.0,66.0,82.0,0.0,48.5,64.2542372881356,1.5,3.5,9.0,5.0,0.0,1.5,0.0,2.0,6.0,2.25,3.0,0.9,13.5,4.9,4,63.325,1.9968421052631578,1.919811320754717,12.88679245283019,3.548867924528302,11.687735849056605,11.464150943396227,9.1311320754717,4.227830188679245,6.299056603773585,258.5,20.5"
"71.0,0.0,90.5,41.48149606299212,64.50335570469798,64.2542372881356,5.0,8.0,8.5,4.219453124999999,4.071854838709677,4.303037974683544,5.983970588235294,2.0,18.0,6.75,8.3,2.49,6.5,2.36,4,63.325,1.9968421052631578,1.919811320754717,12.88679245283019,3.548867924528302,11.687735849056605,11.464150943396227,9.1311320754717,4.227830188679245,6.299056603773585,161.5,21.5"
"68.0,68.0,0.0,27.3,71.5,64.2542372881356,4.5,10.0,9.0,9.5,0.5,4.0,1.0,2.0,20.0,7.5,26.75,8.02,45.5,16.54,4,63.325,1.9968421052631578,1.919811320754717,12.88679245283019,3.548867924528302,11.687735849056605,11.464150943396227,9.1311320754717,4.227830188679245,6.299056603773585,234.8,38.5"
"66.0,77.0,112.5,57.0,69.0,64.2542372881356,5.0,7.0,5.5,9.0,1.0,7.0,6.5,2.0,11.5,4.31,20.1,6.03,55.75,20.27,4,63.325,1.9968421052631578,1.919811320754717,12.88679245283019,3.548867924528302,11.687735849056605,11.464150943396227,9.1311320754717,4.227830188679245,6.299056603773585,381.5,41.0"
"65.5,31.0,102.5,11.9,33.0,64.2542372881356,1.0,9.5,7.5,4.0,5.0,10.0,5.0,2.0,30.5,11.43,17.6,5.28,34.75,12.63,4,63.325,1.9968421052631578,1.919811320754717,12.88679245283019,3.548867924528302,11.687735849056605,11.464150943396227,9.1311320754717,4.227830188679245,6.299056603773585,243.9,42.0"
"37.0,59.5,85.5,56.5,0.0,64.2542372881356,1.5,7.0,5.5,0.5,4.5,2.0,6.0,2.0,15.5,5.81,13.0,3.9,35.5,12.9,4,63.325,1.9968421052631578,1.919811320754717,12.88679245283019,3.548867924528302,11.687735849056605,11.464150943396227,9.1311320754717,4.227830188679245,6.299056603773585,238.5,27.0"
"71.0,97.5,106.0,46.0,75.0,64.2542372881356,5.5,9.0,8.5,9.5,9.0,4.303037974683544,10.0,2.0,26.0,9.75,40.0,12.0,69.5,25.27,4,63.325,1.9968421052631578,1.919811320754717,12.88679245283019,3.548867924528302,11.687735849056605,11.464150943396227,9.1311320754717,4.227830188679245,6.299056603773585,395.5,51.5"
"71.5,96.0,94.0,52.5,0.0,64.2542372881356,4.0,9.5,6.5,6.0,6.0,8.5,7.0,2.0,27.5,10.31,39.5,11.85,55.5,20.18,4,63.325,1.9968421052631578,1.919811320754717,12.88679245283019,3.548867924528302,11.687735849056605,11.464150943396227,9.1311320754717,4.227830188679245,6.299056603773585,314.0,47.5"
"59.5,52.5,49.0,41.48149606299212,40.0,64.2542372881356,4.039692307692308,1.0,5.5,7.5,3.0,2.0,5.983970588235294,2.0,8.0,3.0,5.0,1.5,20.5,7.45,4,63.325,1.9968421052631578,1.919811320754717,12.88679245283019,3.548867924528302,11.687735849056605,11.464150943396227,9.1311320754717,4.227830188679245,6.299056603773585,201.0,19.0"
"52.5,87.0,88.0,55.5,0.0,64.2542372881356,1.5,7.0,6.5,1.5,2.5,8.0,6.5,2.0,10.5,3.93,19.0,5.7,36.0,13.09,4,63.325,1.9968421052631578,1.919811320754717,12.88679245283019,3.548867924528302,11.687735849056605,11.464150943396227,9.1311320754717,4.227830188679245,6.299056603773585,283.0,33.5"
"31.5,76.0,0.0,47.0,50.0,64.2542372881356,7.0,10.0,6.5,7.5,4.0,1.0,9.5,2.0,25.5,9.56,28.6,8.58,48.5,17.63,4,63.325,1.9968421052631578,1.919811320754717,12.88679245283019,3.548867924528302,11.687735849056605,11.464150943396227,9.1311320754717,4.227830188679245,6.299056603773585,204.5,45.5"
"33.0,79.5,0.0,37.0,74.0,64.2542372881356,5.0,6.5,8.5,8.0,3.0,6.0,5.5,2.0,25.0,9.37,30.6,9.18,42.5,15.45,4,63.325,1.9968421052631578,1.919811320754717,12.88679245283019,3.548867924528302,11.687735849056605,11.464150943396227,9.1311320754717,4.227830188679245,6.299056603773585,223.5,42.5"
"74.0,74.0,106.0,19.95,64.50335570469798,64.2542372881356,5.0,10.0,8.5,9.0,5.5,7.5,6.5,2.0,26.5,9.93,28.0,8.4,38.75,14.09,4,63.325,1.9968421052631578,1.919811320754717,12.88679245283019,3.548867924528302,11.687735849056605,11.464150943396227,9.1311320754717,4.227830188679245,6.299056603773585,273.95,52.0"
"63.0,72.0,113.5,45.0,64.0,64.2542372881356,6.0,8.0,6.5,5.0,4.5,9.0,8.5,2.0,24.0,9.0,17.0,5.09,53.75,19.54,4,63.325,1.9968421052631578,1.919811320754717,12.88679245283019,3.548867924528302,11.687735849056605,11.464150943396227,9.1311320754717,4.227830188679245,6.299056603773585,357.5,47.5"
"60.5,54.0,78.0,0.0,47.0,64.2542372881356,3.0,0.0,6.0,2.0,3.0,2.5,7.0,2.0,11.5,4.31,10.1,3.03,34.25,12.45,4,63.325,1.9968421052631578,1.919811320754717,12.88679245283019,3.548867924528302,11.687735849056605,11.464150943396227,9.1311320754717,4.227830188679245,6.299056603773585,239.5,23.5"
"29.0,47.0,70.7,37.0,65.5,64.2542372881356,2.0,0.0,7.5,1.0,5.0,7.0,4.0,2.0,9.0,3.37,8.4,2.52,15.0,5.45,4,63.325,1.9968421052631578,1.919811320754717,12.88679245283019,3.548867924528302,11.687735849056605,11.464150943396227,9.1311320754717,4.227830188679245,6.299056603773585,249.2,26.5"
"70.0,79.0,84.0,42.5,69.5,64.2542372881356,3.5,9.0,5.0,7.0,6.5,6.0,7.0,2.0,19.0,7.12,10.1,3.03,58.0,21.09,4,63.325,1.9968421052631578,1.919811320754717,12.88679245283019,3.548867924528302,11.687735849056605,11.464150943396227,9.1311320754717,4.227830188679245,6.299056603773585,345.0,44.0"
"61.5,0.0,101.5,35.0,65.0,64.2542372881356,2.5,3.0,3.0,8.5,6.5,1.0,4.5,2.0,19.0,7.12,21.5,6.45,44.5,16.18,4,63.325,1.9968421052631578,1.919811320754717,12.88679245283019,3.548867924528302,11.687735849056605,11.464150943396227,9.1311320754717,4.227830188679245,6.299056603773585,263.0,29.0"
"63.0,47.5,78.0,12.75,43.0,64.2542372881356,1.0,4.5,4.0,9.0,4.5,8.5,6.0,2.0,23.5,8.81,12.5,3.75,18.75,6.81,4,63.325,1.9968421052631578,1.919811320754717,12.88679245283019,3.548867924528302,11.687735849056605,11.464150943396227,9.1311320754717,4.227830188679245,6.299056603773585,244.25,37.5"
"69.5,48.5,0.0,35.0,38.0,64.2542372881356,1.5,0.0,5.5,3.0,3.5,6.5,4.0,2.0,9.0,3.37,4.0,1.2,12.0,4.36,4,63.325,1.9968421052631578,1.919811320754717,12.88679245283019,3.548867924528302,11.687735849056605,11.464150943396227,9.1311320754717,4.227830188679245,6.299056603773585,191.0,24.0"
"77.5,69.0,108.5,40.5,65.5,64.2542372881356,1.5,3.5,8.5,3.0,4.5,4.0,5.0,2.0,9.0,3.37,18.1,5.43,27.25,9.9,4,63.325,1.9968421052631578,1.919811320754717,12.88679245283019,3.548867924528302,11.687735849056605,11.464150943396227,9.1311320754717,4.227830188679245,6.299056603773585,361.0,30.0"
"34.5,83.5,97.5,0.0,54.0,64.2542372881356,7.0,10.0,7.5,9.5,10.0,9.0,11.0,2.0,35.0,13.12,44.0,13.2,81.75,29.72,4,63.325,1.9968421052631578,1.919811320754717,12.88679245283019,3.548867924528302,11.687735849056605,11.464150943396227,9.1311320754717,4.227830188679245,6.299056603773585,269.5,64.0"
"35.5,0.0,72.0,0.0,51.0,64.2542372881356,4.039692307692308,0.0,4.5,2.0,5.0,5.5,6.0,2.0,13.0,4.87,8.5,2.54,21.5,7.81,4,63.325,1.9968421052631578,1.919811320754717,12.88679245283019,3.548867924528302,11.687735849056605,11.464150943396227,9.1311320754717,4.227830188679245,6.299056603773585,158.5,23.0"
"64.0,0.0,75.0,29.0,47.0,64.2542372881356,4.5,10.0,4.0,3.0,1.5,6.0,5.983970588235294,2.0,12.0,4.5,5.0,1.5,29.75,10.81,4,63.325,1.9968421052631578,1.919811320754717,12.88679245283019,3.548867924528302,11.687735849056605,11.464150943396227,9.1311320754717,4.227830188679245,6.299056603773585,215.0,29.0"
"75.5,55.0,68.5,42.0,72.0,64.2542372881356,3.5,10.0,9.0,9.0,5.5,4.303037974683544,3.0,2.0,21.5,8.06,22.8,6.84,46.75,17.0,4,63.325,1.9968421052631578,1.919811320754717,12.88679245283019,3.548867924528302,11.687735849056605,11.464150943396227,9.1311320754717,4.227830188679245,6.299056603773585,313.0,40.0"
"34.0,53.5,105.0,0.0,70.0,64.2542372881356,1.0,7.5,2.5,3.5,7.5,4.303037974683544,5.983970588235294,2.0,14.0,5.25,12.5,3.75,20.75,7.54,4,63.325,1.9968421052631578,1.919811320754717,12.88679245283019,3.548867924528302,11.687735849056605,11.464150943396227,9.1311320754717,4.227830188679245,6.299056603773585,262.5,22.0"
"65.5,67.0,90.5,0.0,0.0,64.2542372881356,2.0,2.5,8.5,2.5,3.0,0.5,5.983970588235294,2.0,5.0,1.87,4.0,1.2,12.0,4.36,4,63.325,1.9968421052631578,1.919811320754717,12.88679245283019,3.548867924528302,11.687735849056605,11.464150943396227,9.1311320754717,4.227830188679245,6.299056603773585,223.0,19.0"
"67.0,91.0,117.0,49.5,75.0,64.2542372881356,1.0,10.0,8.5,8.0,4.5,7.5,3.5,2.0,27.0,10.12,32.6,9.77,55.0,20.0,4,63.325,1.9968421052631578,1.919811320754717,12.88679245283019,3.548867924528302,11.687735849056605,11.464150943396227,9.1311320754717,4.227830188679245,6.299056603773585,399.5,43.0"
"60.0,67.0,67.5,29.5,46.5,64.2542372881356,3.5,6.5,5.5,7.5,0.5,1.0,4.5,2.0,16.5,6.18,24.1,7.23,25.0,9.09,4,63.325,1.9968421052631578,1.919811320754717,12.88679245283019,3.548867924528302,11.687735849056605,11.464150943396227,9.1311320754717,4.227830188679245,6.299056603773585,270.5,29.0"
"56.0,68.5,58.0,0.0,30.0,64.2542372881356,1.5,2.5,4.5,3.5,1.5,0.5,4.0,2.0,9.0,3.37,5.8,1.74,36.25,13.18,4,63.325,1.9968421052631578,1.919811320754717,12.88679245283019,3.548867924528302,11.687735849056605,11.464150943396227,9.1311320754717,4.227830188679245,6.299056603773585,212.5,18.0"
"33.5,89.5,110.0,54.0,67.0,64.2542372881356,1.5,0.0,5.5,6.0,2.0,1.0,4.0,2.0,26.5,9.93,25.2,7.56,42.0,15.27,4,63.325,1.9968421052631578,1.919811320754717,12.88679245283019,3.548867924528302,11.687735849056605,11.464150943396227,9.1311320754717,4.227830188679245,6.299056603773585,354.0,20.0"
"60.0,83.0,0.0,39.0,73.0,64.2542372881356,1.0,0.0,7.0,5.5,0.0,0.5,6.0,2.0,14.5,5.43,16.5,4.95,25.25,9.18,4,63.325,1.9968421052631578,1.919811320754717,12.88679245283019,3.548867924528302,11.687735849056605,11.464150943396227,9.1311320754717,4.227830188679245,6.299056603773585,255.0,20.0"
"52.0,82.0,104.0,55.0,63.5,64.2542372881356,4.039692307692308,5.0,8.5,4.5,2.5,4.0,2.5,2.0,16.0,6.0,13.3,3.99,45.5,16.54,4,63.325,1.9968421052631578,1.919811320754717,12.88679245283019,3.548867924528302,11.687735849056605,11.464150943396227,9.1311320754717,4.227830188679245,6.299056603773585,356.5,27.0"
"3.25,3.25,3.25,3.25,64.50335570469798,64.2542372881356,2.0,2.0,2.0,2.0,2.0,2.0,5.983970588235294,2.0,5.0,15.0,5.45,15.0,16.39,45.0,5,63.325,1.9968421052631578,5.0,5.0,4.09,5.45,8.1,6.2,6.2,8.1,13.0,12.0"
"100.0,120.0,100.0,80.0,64.50335570469798,64.2542372881356,10.0,10.0,16.0,10.0,10.0,10.0,5.983970588235294,2.0,20.0,6.9103076923076925,20.0,6.097392996108949,40.0,19.87473076923077,5,63.325,1.9968421052631578,20.0,20.0,15.0,20.0,20.0,15.0,15.0,20.0,400.0,66.0"
"57.40562015503876,60.609266409266404,70.01046511627908,41.48149606299212,64.50335570469798,64.2542372881356,4.039692307692308,4.082,4.669808429118774,4.219453124999999,4.071854838709677,4.303037974683544,5.983970588235294,2.0,16.178571428571427,6.9103076923076925,14.184886363636366,6.097392996108949,36.43714285714285,19.87473076923077,5,63.325,1.9968421052631578,1.919811320754717,12.88679245283019,3.548867924528302,11.687735849056605,11.464150943396227,9.1311320754717,4.227830188679245,6.299056603773585,0.0,0.0"
"26.5,98.0,80.0,56.0,64.50335570469798,64.2542372881356,0.5,0.0,9.0,2.0,6.0,7.0,5.983970588235294,2.0,18.0,7.25,10.0,6.95,38.0,31.49,5,63.325,1.9968421052631578,1.0,10.0,2.0,13.5,16.0,12.0,2.5,8.5,260.5,24.5"
"34.0,0.0,86.0,64.0,64.50335570469798,64.2542372881356,6.0,0.0,3.0,2.0,0.0,5.0,5.983970588235294,2.0,6.0,5.25,11.0,4.9,15.0,17.15,5,63.325,1.9968421052631578,1.0,14.0,2.0,5.0,12.0,5.5,2.5,7.0,184.0,16.0"
"68.5,0.0,87.0,74.0,64.50335570469798,64.2542372881356,3.5,2.0,5.0,7.0,9.0,9.0,5.983970588235294,2.0,7.5,5.62,11.0,9.95,39.0,35.2,5,63.325,1.9968421052631578,2.0,13.0,8.0,17.5,17.0,13.5,8.5,8.0,229.5,35.5"
"33.0,98.0,53.0,69.0,64.50335570469798,64.2542372881356,5.0,3.0,0.0,6.0,5.0,6.0,5.983970588235294,2.0,9.0,6.25,11.0,6.94,34.0,25.34,5,63.325,1.9968421052631578,1.0,15.0,1.0,13.5,17.0,4.5,3.0,3.5,253.0,25.0"
"35.0,0.0,70.01046511627908,39.0,64.50335570469798,64.2542372881356,1.5,6.0,6.0,6.0,4.0,5.0,5.983970588235294,2.0,20.0,9.5,17.5,8.31,28.0,29.54,5,63.325,1.9968421052631578,2.0,16.0,2.0,11.0,13.0,12.5,7.0,11.7,74.0,28.5"
"40.5,90.0,76.0,53.0,64.50335570469798,64.2542372881356,0.5,4.5,6.0,5.0,4.0,3.0,5.983970588235294,2.0,5.0,5.75,8.5,5.86,39.0,30.93,5,63.325,1.9968421052631578,0.0,18.0,2.0,11.0,12.0,12.5,7.0,5.0,259.5,23.0"
"0.0,87.0,63.0,64.0,64.50335570469798,64.2542372881356,1.0,5.0,6.0,6.0,6.0,8.0,5.983970588235294,2.0,6.5,5.0,12.0,7.22,32.5,30.07,5,63.325,1.9968421052631578,0.5,13.0,3.0,11.5,12.0,13.0,4.5,11.5,214.0,32.0"
"57.40562015503876,93.0,89.0,41.48149606299212,64.50335570469798,64.2542372881356,6.5,6.0,0.0,4.219453124999999,6.5,7.0,5.983970588235294,2.0,20.0,14.0,12.0,10.63,38.0,30.69,5,63.325,1.9968421052631578,18.0,18.0,8.0,19.0,12.0,11.0,4.0,10.0,182.0,26.0"
"41.65,105.0,88.0,60.0,64.50335570469798,64.2542372881356,9.0,5.0,6.0,3.0,4.0,4.303037974683544,5.983970588235294,2.0,19.0,8.0,19.0,10.9,25.0,25.38,5,63.325,1.9968421052631578,1.0,12.0,4.5,16.5,11.0,11.5,6.5,8.0,294.65,27.0"
"89.0,94.0,87.0,73.0,64.50335570469798,64.2542372881356,6.0,2.0,0.0,1.0,8.0,9.0,5.983970588235294,2.0,20.0,8.75,15.0,12.27,34.0,36.62,5,63.325,1.9968421052631578,2.0,13.0,13.0,17.0,16.0,14.5,10.0,15.0,343.0,26.0"
"35.0,0.0,39.0,25.0,64.50335570469798,64.2542372881356,3.0,2.0,4.0,1.0,4.0,6.5,5.983970588235294,2.0,8.0,5.25,11.0,7.76,35.0,25.16,5,63.325,1.9968421052631578,1.0,12.0,2.0,15.5,16.0,8.0,2.0,0.5,99.0,20.5"
"37.5,92.0,78.0,47.0,64.50335570469798,64.2542372881356,3.5,5.0,7.0,0.0,6.0,8.0,5.983970588235294,2.0,19.0,8.5,11.0,8.17,30.5,25.78,5,63.325,1.9968421052631578,0.0,15.0,2.0,17.0,13.0,11.0,2.5,6.0,254.5,29.5"
"82.5,110.0,86.0,70.0,64.50335570469798,64.2542372881356,3.5,6.0,8.0,5.0,7.0,4.0,5.983970588235294,2.0,14.0,7.5,16.0,10.63,32.5,28.61,5,63.325,1.9968421052631578,3.0,13.0,6.5,16.5,17.0,10.5,2.0,8.0,348.5,33.5"
"62.0,111.0,72.0,72.0,64.50335570469798,64.2542372881356,1.5,2.0,7.0,2.0,7.0,1.0,5.983970588235294,2.0,10.0,5.0,2.5,3.4,29.0,23.56,5,63.325,1.9968421052631578,0.0,10.0,1.0,9.0,18.0,6.5,0.0,4.2,317.0,20.5"
"55.5,80.0,74.0,53.0,64.50335570469798,64.2542372881356,5.0,1.0,0.0,5.0,6.0,6.0,5.983970588235294,2.0,20.0,8.75,20.0,10.49,36.0,28.26,5,63.325,1.9968421052631578,2.0,13.0,2.0,16.5,12.0,12.5,4.0,4.5,262.5,23.0"
"74.5,101.0,86.0,65.0,64.50335570469798,64.2542372881356,10.0,3.0,12.0,3.0,9.0,7.0,5.983970588235294,2.0,7.0,6.5,14.0,11.58,35.5,33.36,5,63.325,1.9968421052631578,1.0,18.0,10.0,18.5,12.0,14.0,8.0,12.0,326.5,44.0"
"18.5,103.0,71.0,64.0,64.50335570469798,64.2542372881356,0.5,1.0,7.0,5.0,7.0,8.0,5.983970588235294,2.0,16.5,8.62,10.5,10.09,33.0,34.16,5,63.325,1.9968421052631578,2.0,16.0,14.0,12.5,19.0,11.0,11.0,9.5,256.5,28.5"
"27.0,88.0,51.0,66.0,64.50335570469798,64.2542372881356,0.5,2.0,6.0,2.0,0.0,4.0,5.983970588235294,2.0,8.0,5.0,2.5,1.9,26.5,13.91,5,63.325,1.9968421052631578,1.0,11.0,0.5,4.0,4.0,2.0,0.0,1.5,232.0,14.5"
"0.0,86.0,60.0,55.0,64.50335570469798,64.2542372881356,7.0,5.0,5.0,1.0,2.0,9.0,5.983970588235294,2.0,18.0,9.75,16.0,6.54,36.0,34.17,5,63.325,1.9968421052631578,3.0,18.0,0.0,8.0,16.0,15.0,6.0,10.5,201.0,29.0"
"59.0,94.0,77.0,56.0,64.50335570469798,64.2542372881356,5.5,0.0,9.0,0.0,4.0,6.0,5.983970588235294,2.0,20.0,8.62,11.0,8.85,37.0,30.69,5,63.325,1.9968421052631578,0.5,14.0,2.0,19.5,13.0,10.5,6.0,8.5,286.0,24.5"
"30.5,0.0,45.0,36.0,64.50335570469798,64.2542372881356,2.0,1.0,6.0,0.0,0.0,1.0,5.983970588235294,2.0,20.0,8.75,6.0,7.22,28.0,17.38,5,63.325,1.9968421052631578,0.0,15.0,1.0,19.5,11.0,3.5,0.0,0.0,111.5,10.0"
"27.0,0.0,73.0,60.0,64.50335570469798,64.2542372881356,4.5,5.0,7.0,2.0,0.0,4.5,5.983970588235294,2.0,13.0,6.5,1.0,3.95,17.5,13.9,5,63.325,1.9968421052631578,0.0,13.0,2.0,11.5,11.0,4.0,1.5,0.0,160.0,23.0"
"47.0,0.0,91.0,59.0,64.50335570469798,64.2542372881356,0.0,3.0,0.0,2.0,4.071854838709677,4.5,5.983970588235294,2.0,2.5,3.87,0.0,2.04,13.0,7.76,5,63.325,1.9968421052631578,1.0,12.0,2.0,5.5,5.0,0.0,0.5,0.5,197.0,9.5"
"54.0,87.0,46.0,58.0,64.50335570469798,64.2542372881356,7.0,1.0,8.0,2.0,1.0,4.303037974683544,5.983970588235294,2.0,10.0,5.5,1.5,4.63,28.0,21.89,5,63.325,1.9968421052631578,2.0,10.0,1.0,14.5,15.0,8.5,1.5,0.5,245.0,19.0"
"41.0,85.0,54.0,62.0,64.50335570469798,64.2542372881356,4.5,3.0,0.0,4.0,1.0,6.0,5.983970588235294,2.0,8.0,5.75,12.0,5.31,27.0,16.15,5,63.325,1.9968421052631578,0.0,15.0,0.5,7.0,9.0,3.0,0.0,0.5,242.0,18.5"
"63.5,105.0,75.0,53.0,64.50335570469798,64.2542372881356,0.5,4.0,6.0,8.0,4.0,7.0,5.983970588235294,2.0,18.0,8.5,13.5,10.36,37.5,31.51,5,63.325,1.9968421052631578,0.0,16.0,10.0,14.5,18.0,13.5,3.0,5.0,296.5,29.5"
"37.75,102.0,77.0,60.0,64.50335570469798,64.2542372881356,8.0,0.0,7.0,5.0,8.0,4.5,5.983970588235294,2.0,10.0,6.5,16.5,10.76,39.0,32.96,5,63.325,1.9968421052631578,1.0,15.0,7.0,16.0,13.0,10.5,9.5,8.5,276.75,32.5"
"71.0,25.8,75.0,40.0,64.50335570469798,64.2542372881356,5.0,3.0,8.0,1.0,6.0,9.0,5.983970588235294,2.0,16.0,8.12,10.5,6.81,40.0,40.3,5,63.325,1.9968421052631578,3.5,13.0,2.0,12.5,18.0,14.0,11.0,15.5,211.8,32.0"
"12.0,64.0,62.0,55.0,64.50335570469798,64.2542372881356,0.0,1.0,6.0,0.0,2.0,7.0,5.983970588235294,2.0,20.0,8.5,15.0,6.4,27.0,28.59,5,63.325,1.9968421052631578,0.0,14.0,0.0,8.5,20.0,11.5,2.0,9.5,193.0,16.0"
"24.5,71.0,71.0,54.0,64.50335570469798,64.2542372881356,4.039692307692308,0.0,6.0,1.0,1.0,1.0,5.983970588235294,2.0,8.0,5.25,6.0,3.4,18.0,14.53,5,63.325,1.9968421052631578,0.0,13.0,2.0,4.5,7.0,7.0,1.0,2.5,220.5,9.0"
"22.0,0.0,49.0,64.0,64.50335570469798,64.2542372881356,0.5,0.0,5.0,0.0,7.0,4.5,5.983970588235294,2.0,4.5,3.62,1.0,0.81,20.0,14.11,5,63.325,1.9968421052631578,0.0,10.0,1.0,1.0,9.0,5.5,0.0,0.0,135.0,17.0"
"69.0,104.0,76.0,69.0,64.50335570469798,64.2542372881356,6.5,0.0,9.0,3.13,1.0,6.0,5.983970588235294,2.0,15.5,6.87,8.5,5.04,33.0,25.35,5,63.325,1.9968421052631578,1.0,11.0,1.0,9.0,13.0,9.0,1.0,6.0,318.0,25.63"
"73.5,69.0,71.0,62.0,64.50335570469798,64.2542372881356,5.5,6.0,6.0,8.0,9.0,6.0,5.983970588235294,2.0,14.0,8.0,15.0,9.82,38.0,31.15,5,63.325,1.9968421052631578,2.0,16.0,14.0,7.0,11.0,14.0,8.0,5.0,275.5,40.5"
"23.5,73.0,52.0,30.0,64.50335570469798,64.2542372881356,2.5,4.0,7.0,0.0,5.0,3.0,5.983970588235294,2.0,20.0,8.62,8.0,4.63,20.5,14.17,5,63.325,1.9968421052631578,0.5,14.0,0.0,9.0,0.0,9.5,2.5,2.0,178.5,21.5"
"88.0,106.0,71.0,59.0,64.50335570469798,64.2542372881356,3.5,2.0,8.0,4.0,2.0,1.0,5.983970588235294,2.0,20.0,8.0,5.0,5.58,28.0,23.31,5,63.325,1.9968421052631578,2.0,10.0,1.0,14.5,9.0,11.0,0.0,9.0,324.0,20.5"
"45.5,89.0,65.0,49.0,64.50335570469798,64.2542372881356,0.5,2.0,0.0,2.0,3.0,6.0,5.983970588235294,2.0,20.0,9.12,11.0,6.67,23.0,23.1,5,63.325,1.9968421052631578,0.5,16.0,2.0,11.5,16.0,10.5,2.0,5.0,248.5,13.5"
"65.0,108.0,84.0,76.0,64.50335570469798,64.2542372881356,0.5,5.0,9.0,7.0,9.0,8.0,5.983970588235294,2.0,3.0,4.5,16.0,12.54,37.0,37.83,5,63.325,1.9968421052631578,3.0,12.0,10.0,20.0,14.0,14.5,8.0,19.0,333.0,38.5"
"40.0,0.0,45.0,40.0,64.50335570469798,64.2542372881356,0.5,0.0,7.0,3.5,3.0,1.0,5.983970588235294,2.0,5.0,2.5,6.0,3.54,21.0,9.23,5,63.325,1.9968421052631578,0.0,5.0,0.0,7.0,0.0,0.0,1.5,0.0,125.0,15.0"
"41.5,103.0,86.0,77.0,64.50335570469798,64.2542372881356,6.0,0.0,10.0,5.13,4.0,6.5,5.983970588235294,2.0,17.5,9.12,19.0,9.68,35.5,37.26,5,63.325,1.9968421052631578,1.0,18.0,12.0,4.5,17.0,14.5,13.0,11.0,307.5,31.63"
"67.0,107.0,75.0,59.0,64.50335570469798,64.2542372881356,10.0,3.0,9.0,1.0,8.0,7.0,5.983970588235294,2.0,20.0,9.25,13.0,9.53,34.0,30.05,5,63.325,1.9968421052631578,2.0,15.0,3.0,19.0,14.0,14.5,0.0,11.0,308.0,38.0"
"24.0,102.0,69.0,41.48149606299212,64.50335570469798,64.2542372881356,6.5,6.0,3.0,5.0,8.0,7.0,5.983970588235294,2.0,19.0,8.25,14.0,8.03,34.0,29.8,5,63.325,1.9968421052631578,0.0,14.0,1.0,14.5,13.0,9.5,9.0,7.3,195.0,35.5"
"28.5,76.0,80.0,70.0,64.50335570469798,64.2542372881356,10.0,5.0,12.0,2.0,9.0,6.5,5.983970588235294,2.0,19.0,7.75,16.0,9.26,36.0,29.32,5,63.325,1.9968421052631578,0.0,12.0,1.0,17.0,0.0,10.0,12.0,13.5,254.5,44.5"
"72.5,0.0,65.0,51.0,64.50335570469798,64.2542372881356,1.5,0.0,4.0,0.0,0.0,1.0,5.983970588235294,2.0,20.0,9.0,14.0,5.31,26.5,21.06,5,63.325,1.9968421052631578,3.0,13.0,1.0,4.5,15.0,8.5,1.0,0.5,188.5,6.5"
"61.0,101.0,89.0,62.0,64.50335570469798,64.2542372881356,0.5,0.0,5.0,1.0,4.0,1.0,5.983970588235294,2.0,1.5,3.37,10.0,6.13,24.0,17.59,5,63.325,1.9968421052631578,0.0,12.0,1.0,11.5,10.0,7.0,0.0,2.0,313.0,11.5"
"38.0,95.0,74.0,67.0,64.50335570469798,64.2542372881356,3.5,1.0,11.0,0.0,3.0,6.5,5.983970588235294,2.0,7.0,4.5,10.5,5.04,20.5,18.39,5,63.325,1.9968421052631578,0.0,11.0,2.0,6.0,12.0,8.0,0.0,4.5,274.0,25.0"
"17.5,93.0,52.0,58.0,64.50335570469798,64.2542372881356,0.0,2.0,8.0,3.0,6.5,5.0,5.983970588235294,2.0,20.0,8.25,12.5,8.17,22.5,25.96,5,63.325,1.9968421052631578,1.0,12.0,3.0,14.5,19.0,12.5,4.0,5.5,220.5,24.5"
"59.5,76.0,88.0,54.0,64.50335570469798,64.2542372881356,0.5,4.0,2.0,1.0,1.0,5.0,5.983970588235294,2.0,15.0,7.0,6.0,2.86,15.0,12.48,5,63.325,1.9968421052631578,0.0,13.0,2.0,2.5,6.0,4.5,2.5,2.5,277.5,13.5"
"22.0,0.0,50.0,44.0,64.50335570469798,64.2542372881356,0.5,4.082,7.0,0.0,6.5,3.0,5.983970588235294,2.0,16.0,7.75,4.5,4.36,21.0,18.82,5,63.325,1.9968421052631578,0.0,15.0,1.0,10.5,10.0,9.5,1.0,4.5,116.0,17.0"
"99.0,114.0,97.0,80.0,64.50335570469798,64.2542372881356,10.0,10.0,13.0,9.1,10.0,10.0,5.983970588235294,2.0,20.0,13.75,20.0,15.0,39.0,41.29,5,63.325,1.9968421052631578,18.0,17.0,15.0,20.0,20.0,15.0,8.0,19.0,390.0,62.1"
"70.0,86.0,52.0,34.0,64.50335570469798,64.2542372881356,0.5,0.0,11.0,3.0,8.5,1.0,5.983970588235294,2.0,15.0,9.0,13.0,8.86,29.5,26.9,5,63.325,1.9968421052631578,1.0,20.0,5.0,14.5,19.0,9.5,3.0,4.8,242.0,24.0"
"37.0,0.0,88.0,67.0,64.50335570469798,64.2542372881356,1.5,0.0,0.0,4.0,5.0,6.0,5.983970588235294,2.0,19.0,9.0,16.0,8.99,35.0,30.49,5,63.325,1.9968421052631578,2.0,15.0,4.0,13.0,14.0,11.0,6.5,8.0,192.0,16.5"
"3.25,3.25,3.25,3.25,64.50335570469798,64.2542372881356,2.0,2.0,2.0,2.0,2.0,2.0,5.983970588235294,2.0,5.0,15.0,5.45,15.0,16.39,45.0,6,63.325,1.9968421052631578,5.0,5.0,4.09,5.45,8.1,6.2,6.2,8.1,13.0,12.0"
"100.0,120.0,100.0,80.0,64.50335570469798,64.2542372881356,10.0,10.0,8.0,10.0,10.0,10.0,5.983970588235294,2.0,20.0,6.9103076923076925,20.0,6.097392996108949,40.0,19.87473076923077,6,63.325,1.9968421052631578,20.0,20.0,15.0,20.0,20.0,15.0,15.0,20.0,400.0,58.0"
"57.40562015503876,60.609266409266404,70.01046511627908,41.48149606299212,64.50335570469798,64.2542372881356,4.039692307692308,4.082,4.669808429118774,4.219453124999999,4.071854838709677,4.303037974683544,5.983970588235294,2.0,16.178571428571427,6.9103076923076925,14.184886363636366,6.097392996108949,36.43714285714285,19.87473076923077,6,63.325,1.9968421052631578,1.919811320754717,12.88679245283019,3.548867924528302,11.687735849056605,11.464150943396227,9.1311320754717,4.227830188679245,6.299056603773585,0.0,0.0"
"33.5,88.0,89.0,73.0,64.50335570469798,64.2542372881356,4.039692307692308,0.0,2.5,5.0,0.5,7.0,5.983970588235294,2.0,9.0,5.5,15.0,7.63,36.0,25.09,6,63.325,1.9968421052631578,0.0,13.0,4.0,9.0,9.0,10.0,3.25,3.0,283.5,15.0"
"58.0,60.609266409266404,47.0,0.0,64.50335570469798,64.2542372881356,6.5,0.0,3.0,5.0,0.0,3.0,5.983970588235294,2.0,11.0,6.75,19.0,7.08,37.0,23.37,6,63.325,1.9968421052631578,1.0,15.0,1.0,6.0,5.0,11.5,1.0,2.5,105.0,17.5"
"45.0,91.0,43.0,0.0,64.50335570469798,64.2542372881356,2.0,5.0,3.5,0.0,1.5,5.0,5.983970588235294,2.0,20.0,5.5,20.0,7.9,38.0,21.29,6,63.325,1.9968421052631578,1.0,1.0,0.0,9.0,7.0,2.0,3.0,2.0,179.0,17.0"
"57.40562015503876,42.0,40.0,41.48149606299212,64.50335570469798,64.2542372881356,4.5,0.0,4.0,5.0,4.071854838709677,0.0,5.983970588235294,2.0,6.0,5.0,15.0,4.63,15.0,14.92,6,63.325,1.9968421052631578,0.0,14.0,0.0,2.0,11.0,5.0,3.5,2.0,82.0,13.5"
"31.0,91.0,69.0,0.0,64.50335570469798,64.2542372881356,3.5,0.0,4.5,4.0,2.0,1.0,5.983970588235294,2.0,5.0,4.37,6.0,6.54,30.0,18.23,6,63.325,1.9968421052631578,0.5,12.0,3.5,14.5,5.0,7.5,0.5,1.5,191.0,15.0"
"57.40562015503876,75.0,79.0,0.0,64.50335570469798,64.2542372881356,5.0,0.0,4.0,6.0,4.071854838709677,8.5,5.983970588235294,2.0,17.0,9.5,3.0,5.04,25.0,22.88,6,63.325,1.9968421052631578,1.0,20.0,1.0,14.5,16.0,5.5,4.0,5.5,154.0,23.5"
"56.5,65.0,87.0,70.0,64.50335570469798,64.2542372881356,5.0,4.0,3.5,6.0,3.0,4.0,5.983970588235294,2.0,16.0,7.5,17.0,6.67,14.0,16.12,6,63.325,1.9968421052631578,0.0,14.0,1.0,6.5,9.0,6.0,1.0,9.5,278.5,25.5"
"38.0,60.0,51.0,0.0,64.50335570469798,64.2542372881356,1.5,0.0,2.5,0.0,4.071854838709677,8.0,5.983970588235294,2.0,6.5,3.62,8.0,4.36,19.5,9.21,6,63.325,1.9968421052631578,1.0,7.0,1.0,7.0,3.0,0.0,0.0,0.0,149.0,12.0"
"34.5,79.0,56.0,68.0,64.50335570469798,64.2542372881356,3.5,5.0,1.0,0.0,0.0,2.0,5.983970588235294,2.0,9.0,4.75,1.0,4.63,31.0,25.13,6,63.325,1.9968421052631578,0.0,10.0,2.0,14.0,17.0,6.0,2.5,5.0,237.5,11.5"
"72.0,0.0,85.0,78.0,64.50335570469798,64.2542372881356,6.0,3.0,2.5,0.0,6.0,2.0,5.983970588235294,2.0,20.0,12.25,16.0,11.58,38.0,33.06,6,63.325,1.9968421052631578,14.0,15.0,7.0,19.5,15.0,11.5,8.75,7.5,235.0,19.5"
"34.0,86.0,54.0,50.0,64.50335570469798,64.2542372881356,4.0,0.0,3.0,5.0,0.0,1.0,5.983970588235294,2.0,13.0,6.5,13.0,6.94,32.0,27.02,6,63.325,1.9968421052631578,1.0,12.0,1.0,11.5,11.0,12.5,3.5,7.0,224.0,13.0"
"48.0,99.0,55.0,48.0,64.50335570469798,64.2542372881356,5.0,6.0,4.5,7.0,0.0,2.0,5.983970588235294,2.0,17.0,9.12,6.0,5.86,30.0,24.56,6,63.325,1.9968421052631578,0.5,19.0,4.0,11.5,10.0,13.5,0.0,6.5,250.0,24.5"
"54.0,88.0,27.0,67.0,64.50335570469798,64.2542372881356,4.0,4.0,6.5,4.219453124999999,3.0,2.0,5.983970588235294,2.0,12.0,5.37,7.0,2.31,24.0,10.85,6,63.325,1.9968421052631578,0.5,9.0,1.0,0.5,2.0,0.5,0.0,0.0,236.0,19.5"
"63.0,79.0,78.0,45.0,64.50335570469798,64.2542372881356,7.0,3.0,4.5,7.0,1.5,4.303037974683544,5.983970588235294,2.0,20.0,7.37,13.0,10.09,33.0,32.78,6,63.325,1.9968421052631578,1.5,8.0,9.0,15.0,12.0,13.5,13.0,8.5,265.0,23.0"
"81.5,105.0,81.0,78.0,64.50335570469798,64.2542372881356,5.5,0.0,6.5,7.0,6.0,5.0,5.983970588235294,2.0,14.0,7.5,19.0,11.85,39.0,38.71,6,63.325,1.9968421052631578,2.0,14.0,5.0,19.5,20.0,14.5,5.0,16.2,345.5,30.0"
"82.5,79.0,76.0,58.0,64.50335570469798,64.2542372881356,10.0,6.0,4.5,9.5,3.0,5.0,5.983970588235294,2.0,20.0,8.37,19.0,11.58,38.0,36.0,6,63.325,1.9968421052631578,0.5,13.0,3.5,20.0,13.0,15.0,6.0,16.0,295.5,38.0"
"52.5,95.0,75.0,0.0,64.50335570469798,64.2542372881356,6.0,2.0,3.5,3.0,0.5,0.0,5.983970588235294,2.0,3.0,4.0,15.0,8.17,31.0,22.52,6,63.325,1.9968421052631578,0.0,13.0,2.0,13.0,9.0,10.0,1.0,4.0,222.5,15.0"
"49.0,97.0,88.0,73.0,64.50335570469798,64.2542372881356,3.5,5.0,4.5,6.0,3.0,5.0,5.983970588235294,2.0,16.0,6.0,13.0,7.49,37.0,23.96,6,63.325,1.9968421052631578,0.0,8.0,1.0,13.5,7.0,7.5,2.5,4.5,307.0,27.0"
"44.5,78.0,0.0,47.0,64.50335570469798,64.2542372881356,5.5,0.0,3.5,0.0,0.0,0.0,5.983970588235294,2.0,20.0,6.75,0.0,4.63,22.0,18.82,6,63.325,1.9968421052631578,1.0,6.0,3.0,14.0,10.0,10.0,0.0,4.0,169.5,9.0"
"33.5,77.0,42.0,41.48149606299212,64.50335570469798,64.2542372881356,0.0,0.0,2.5,2.0,1.0,3.0,5.983970588235294,2.0,9.0,4.75,8.0,4.63,17.0,15.46,6,63.325,1.9968421052631578,0.0,10.0,0.0,9.0,8.0,9.0,2.25,1.5,152.5,8.5"
"56.0,79.0,96.0,73.0,64.50335570469798,64.2542372881356,7.5,0.0,6.5,8.0,7.5,4.303037974683544,5.983970588235294,2.0,19.0,8.5,19.0,14.31,39.0,36.39,6,63.325,1.9968421052631578,1.0,14.0,14.0,19.5,15.0,15.0,4.0,16.0,304.0,29.5"
"81.5,88.0,62.0,0.0,64.50335570469798,64.2542372881356,3.0,1.0,3.5,2.0,0.0,6.5,5.983970588235294,2.0,13.0,6.0,5.0,4.63,20.0,15.76,6,63.325,1.9968421052631578,0.0,11.0,3.5,8.5,5.0,8.5,0.5,4.5,231.5,16.0"
"46.0,77.0,49.0,41.48149606299212,64.50335570469798,64.2542372881356,5.0,2.0,2.5,5.0,0.5,6.0,5.983970588235294,2.0,3.0,4.0,4.0,3.54,21.0,22.91,6,63.325,1.9968421052631578,1.0,12.0,0.0,9.0,13.0,9.0,6.0,7.0,172.0,21.0"
"37.0,0.0,91.0,72.0,64.50335570469798,64.2542372881356,0.0,0.0,2.5,6.0,3.0,3.0,5.983970588235294,2.0,11.0,6.5,12.0,8.04,33.0,27.4,6,63.325,1.9968421052631578,0.0,15.0,3.0,14.5,11.0,9.0,3.0,11.0,200.0,14.5"
"48.0,84.0,67.0,51.0,64.50335570469798,64.2542372881356,6.5,0.0,4.0,0.0,0.0,3.0,5.983970588235294,2.0,16.0,6.75,12.0,4.76,34.0,25.21,6,63.325,1.9968421052631578,0.0,11.0,1.0,4.5,7.0,11.0,6.0,3.5,250.0,13.5"
"16.0,75.0,77.0,69.0,64.50335570469798,64.2542372881356,0.0,0.0,3.5,5.0,0.5,1.0,5.983970588235294,2.0,8.0,5.5,2.0,2.72,19.0,10.44,6,63.325,1.9968421052631578,0.0,14.0,2.0,6.0,3.0,3.0,0.0,0.5,237.0,10.0"
"79.5,71.0,75.0,71.0,64.50335570469798,64.2542372881356,7.0,0.0,3.5,5.0,5.0,9.0,5.983970588235294,2.0,20.0,8.25,14.0,8.72,37.0,35.04,6,63.325,1.9968421052631578,2.0,11.0,1.0,17.0,10.0,13.5,15.0,10.0,296.5,29.5"
"61.5,0.0,85.0,68.0,64.50335570469798,64.2542372881356,5.0,1.0,4.5,3.0,3.5,4.0,5.983970588235294,2.0,17.5,7.87,12.0,10.22,36.0,34.71,6,63.325,1.9968421052631578,1.0,13.0,8.5,17.0,18.0,13.5,9.0,8.3,214.5,21.0"
"26.5,0.0,70.01046511627908,37.0,64.50335570469798,64.2542372881356,0.0,0.0,2.5,2.0,0.5,4.0,5.983970588235294,2.0,5.0,3.75,5.0,5.99,24.0,14.71,6,63.325,1.9968421052631578,0.0,10.0,2.5,14.5,8.0,2.0,0.0,2.0,63.5,9.0"
"60.5,0.0,93.0,56.0,64.50335570469798,64.2542372881356,5.5,7.0,2.0,3.0,4.0,3.0,5.983970588235294,2.0,20.0,8.75,12.0,8.72,36.0,30.54,6,63.325,1.9968421052631578,1.0,14.0,8.0,12.0,5.0,15.0,8.5,10.0,209.5,24.5"
"32.0,69.0,68.0,67.0,64.50335570469798,64.2542372881356,5.0,0.0,2.5,0.0,0.0,0.0,5.983970588235294,2.0,5.0,1.25,3.0,2.45,29.0,19.22,6,63.325,1.9968421052631578,0.0,0.0,3.0,3.0,10.0,4.0,1.5,2.5,236.0,7.5"
"37.0,101.0,81.0,71.0,64.50335570469798,64.2542372881356,7.0,6.0,4.5,8.0,7.5,1.0,5.983970588235294,2.0,20.0,11.0,17.0,12.67,39.0,39.29,6,63.325,1.9968421052631578,12.0,12.0,9.5,20.0,16.0,13.0,13.0,15.0,290.0,34.0"
"46.0,67.0,80.0,71.0,64.50335570469798,64.2542372881356,0.0,0.0,5.0,0.0,4.071854838709677,2.0,5.983970588235294,2.0,12.0,6.5,15.0,8.72,27.0,30.04,6,63.325,1.9968421052631578,1.0,13.0,1.0,16.0,19.0,11.0,6.5,10.0,264.0,7.0"
"40.0,0.0,55.0,62.0,64.50335570469798,64.2542372881356,5.0,6.0,2.0,5.0,0.0,8.0,5.983970588235294,2.0,16.0,7.25,16.0,7.22,30.0,22.09,6,63.325,1.9968421052631578,1.0,12.0,0.0,10.5,12.0,7.5,1.5,3.0,157.0,26.0"
"52.5,86.0,41.0,28.0,64.50335570469798,64.2542372881356,5.0,1.0,3.0,0.0,0.0,0.0,5.983970588235294,2.0,19.0,9.25,8.0,4.9,19.0,12.35,6,63.325,1.9968421052631578,2.0,16.0,2.0,8.0,10.0,0.0,1.25,0.0,207.5,9.0"
"50.0,95.0,82.0,73.0,64.50335570469798,64.2542372881356,0.0,0.0,4.5,0.0,4.071854838709677,4.303037974683544,5.983970588235294,2.0,7.0,4.75,10.0,4.08,19.0,12.47,6,63.325,1.9968421052631578,0.0,12.0,0.0,5.0,6.0,2.0,1.0,2.5,300.0,4.5"
"61.5,96.0,93.0,74.0,64.50335570469798,64.2542372881356,4.5,0.0,5.0,7.0,1.5,1.0,5.983970588235294,2.0,14.0,7.75,5.0,6.0,38.0,32.97,6,63.325,1.9968421052631578,3.0,14.0,9.5,7.5,14.0,10.0,11.5,7.0,324.5,19.0"
"61.0,70.0,30.0,59.0,64.50335570469798,64.2542372881356,5.5,0.0,4.0,5.0,2.0,1.5,5.983970588235294,2.0,14.0,6.75,16.0,8.31,20.5,16.78,6,63.325,1.9968421052631578,0.0,13.0,0.0,14.5,8.0,8.0,1.5,3.0,220.0,18.0"
"55.0,98.0,45.0,66.0,64.50335570469798,64.2542372881356,5.0,0.0,3.5,8.0,0.5,5.0,5.983970588235294,2.0,14.0,7.75,16.0,11.04,32.0,28.04,6,63.325,1.9968421052631578,2.0,15.0,4.5,20.0,14.0,8.5,9.0,5.0,264.0,22.0"
"55.0,93.0,66.0,0.0,64.50335570469798,64.2542372881356,8.0,2.0,3.5,4.0,1.5,3.0,5.983970588235294,2.0,12.0,7.75,14.0,9.4,36.0,31.48,6,63.325,1.9968421052631578,1.0,18.0,1.0,19.5,20.0,12.0,2.5,6.5,214.0,22.0"
"37.5,0.0,52.0,57.0,64.50335570469798,64.2542372881356,0.0,0.0,1.5,0.0,0.0,1.5,5.983970588235294,2.0,10.0,4.5,7.0,2.45,10.0,6.05,6,63.325,1.9968421052631578,0.0,8.0,0.0,2.0,1.0,2.5,1.25,0.0,146.5,3.0"
"64.5,79.0,69.0,68.0,64.50335570469798,64.2542372881356,10.0,0.0,4.0,0.0,2.0,7.0,5.983970588235294,2.0,18.0,7.62,11.0,8.17,37.0,24.76,6,63.325,1.9968421052631578,0.5,12.0,1.0,18.0,9.0,7.5,2.0,5.0,280.5,23.0"
"57.40562015503876,87.0,65.0,0.0,64.50335570469798,64.2542372881356,5.0,0.0,3.5,5.0,0.5,4.5,5.983970588235294,2.0,7.0,5.5,8.0,3.4,18.5,19.62,6,63.325,1.9968421052631578,1.0,14.0,0.5,4.0,15.0,9.0,2.0,3.5,152.0,18.5"
"43.0,72.0,0.0,57.0,64.50335570469798,64.2542372881356,0.0,0.0,3.0,4.5,0.0,0.0,5.983970588235294,2.0,11.0,5.5,4.0,4.22,27.0,20.87,6,63.325,1.9968421052631578,1.0,10.0,2.0,9.5,10.0,7.5,2.5,4.0,172.0,7.5"
"39.5,60.609266409266404,0.0,0.0,64.50335570469798,64.2542372881356,0.0,0.0,4.0,0.0,0.0,0.0,5.983970588235294,2.0,4.0,4.5,0.0,6.097392996108949,8.5,7.13,6,63.325,1.9968421052631578,0.0,14.0,0.0,0.0,9.0,0.0,0.0,0.0,39.5,4.0"
"72.5,90.0,82.0,72.0,64.50335570469798,64.2542372881356,10.0,6.0,1.5,8.0,2.5,5.0,5.983970588235294,2.0,9.0,7.25,14.0,10.49,37.0,30.3,6,63.325,1.9968421052631578,4.0,16.0,10.0,14.5,11.0,12.5,6.0,7.5,316.5,33.0"
"0.0,60.609266409266404,70.01046511627908,41.48149606299212,64.50335570469798,64.2542372881356,5.0,0.0,1.5,0.0,4.071854838709677,4.303037974683544,5.983970588235294,2.0,16.0,7.37,7.0,2.72,15.5,10.41,6,63.325,1.9968421052631578,0.5,13.0,0.0,3.0,9.0,0.0,1.0,0.0,0.0,6.5"
"70.5,92.0,73.0,61.0,64.50335570469798,64.2542372881356,1.5,7.0,3.0,0.0,1.0,4.0,5.983970588235294,2.0,18.0,8.25,17.0,7.08,35.0,28.27,6,63.325,1.9968421052631578,2.0,13.0,2.0,7.0,7.0,14.0,5.0,8.0,296.5,16.5"
"41.5,0.0,88.0,72.0,64.50335570469798,64.2542372881356,6.0,2.0,3.0,0.0,0.0,3.0,5.983970588235294,2.0,19.5,8.62,12.0,5.58,36.0,23.17,6,63.325,1.9968421052631578,2.0,13.0,3.0,5.5,5.0,9.5,4.5,1.5,201.5,14.0"
"32.0,96.0,77.0,66.0,64.50335570469798,64.2542372881356,0.0,0.0,3.5,6.0,2.5,4.303037974683544,5.983970588235294,2.0,17.0,7.12,13.0,8.17,33.0,24.18,6,63.325,1.9968421052631578,0.5,11.0,1.0,16.0,6.0,13.5,2.0,4.5,271.0,12.0"
"43.5,0.0,75.0,71.0,64.50335570469798,64.2542372881356,0.0,2.0,1.5,2.0,0.5,4.0,5.983970588235294,2.0,14.0,6.5,12.0,7.76,26.5,23.54,6,63.325,1.9968421052631578,2.0,10.0,1.5,15.0,8.0,8.0,7.5,7.5,189.5,10.0"
